"All I Really Need to Know I Learned in Kindergarten: Uncommon Thoughts on Common Things (G K Hall Large Print Book Series)"	"Fulghum, Robert"	128
"Will the Circle Be Unbroken"	"Terkel, Studs"	128.5
"Growth Through Loss & Change, Volume I: How to Be with the Dying Without Fear"	"Bsn, Clarice A. Schultz Rn"	150
"The Choice: Embrace the Possible"	"Eger, Dr. Edith Eva"	150.92
"Who Moved My Cheese"	"Johnson, Spencer"	155.24
"Who Moved My Cheese"	"Johnson, Spencer"	155.24
"Living with Loss: One Day at a Time"	"Kodanaz, Rachel"	155.937
"Living with Loss: One Day at a Time"	"Kodanaz, Rachel"	155.937
"The Endless Practice: Becoming Who You Were Born To Be (Thorndike Press Large Print Inspirational)"	"Nepo, Mark"	158
"The Road Less Traveled and Beyond: Spiritual Growth in an Age of Anxiety"	"Peck, M. Scott"	158
"Chicken Soup for the Golden Soul: Heartwarming Stories for People 60 and Over"	"Canfield, Paul J. Meyer, Barbara Russell Chesser, Amy Seeger Mark Victor Hansen Jack"	158.1
"Hidden Power: How to Unleash the Power of Your Subconscious Mind"	"Fleet, James K. Van"	158.1
"Road Less Traveled (Flexibind Edition)"	"Peck, M. Scott"	158.1
"Why Is This Happening To Me . . . AGAIN?! ...and What You Can Do About It!"	"Ryce, Michael"	158.1
"Chicken Soup for the Soul: 101 Stories To Open The Heart And Rekindle The Spirit"	"Canfield, Jack"	158.12
"The Road to Character"	"Brooks, David"	170.44
"Gift from the Sea: Twentieth Anniversary Edition"	"Lindbergh, Anne Morrow"	170.82
"Gift From the Sea"	"Ochiai, Anne Morrow Lindbergh; Keiko"	170.82
"Thank You Power: Making the Science of Gratitude Work for You"	"Norville, Deborah"	179.9
"God: A Brief History"	"Bowker, John"	200
"Overwhelming Odds"	"O'Leary, Susan"	200
"The God Gene: How Faith is Hardwired into our Genes"	"Hamer, Dean H."	200.19
"The Gift of Years: Growing Older Gracefully"	"Chittister, Joan"	200.84
"Where God Was Born: A Journey by Land to the Roots of Religion"	"Feiler, Bruce"	200.956
"Rediscovering God in America: Reflections on the Role of Faith in Our Nation's History and Future"	"Gingrich, Newt"	200.9753
"The Map Of Heaven (Thorndike Press large print nonfiction)"	"Eben Alexander, M. D."	202.3
"The Hidden Enemy: Aggressive Secularism, Radical Islam, and the Fight for Our Future"	"Youssef, Michael"	211.6
"The New American Bible (Style No. 2403): Student Edition"	"Confraternity of Christian Doctrine"	220
"Holy Bible: King James Version: Old Testament Chronicles thru Malachi, Vol. 2"		220
"Holy Bible: King James Version: Old Testament Genesis thru II Kings, Vol. 1"		220
"NRSV Reference Bible with Apocrypha"		220
"NRSV Reference Bible with Apocrypha"		220
"Biblical Literacy: The Essential Bible Stories Everyone Needs to Know"	"Beal, Timothy"	220.09
"The Good Book: Reading the Bible with Mind and Heart"	"Gomes, Peter J"	220.1
"The Good Book: Reading the Bible with Mind and Heart"	"Gomes, Peter J"	220.1
"Fountain of Life: Prose and Verse from the Bible"	"Prys-Jones, A. G."	220.5203
"The Message: The Bible in Contemporary Language"	"Peterson, Eugene H."	220.5209
"The Mysterious Bible Codes"	"Jeffery, Grant R."	220.68
"Who's Who in the Bible: An Illustrated Biographical Dictionary (Reader's Digest)"	"Association, Reader's Digest"	220.92
"All The Women Of The Bible"	"Mastro, M. del"	220.92
"The Communicator's Commentary: 1, 2 Chronicles (COMMUNICATOR'S COMMENTARY OT)"	"Allen, Leslie C."	221
"1, 2 Samuel (COMMUNICATOR'S COMMENTARY OT)"	"Chafin, Kenneth L."	221
"Leviticus (COMMUNICATOR'S COMMENTARY OT)"	"Demarest, Gary W."	221
"Communicators Commentary Exodus (COMMUNICATOR'S COMMENTARY OT)"	"Dunnam, Maxie D."	221
"Ecclesiastes, Song of Solomon (Communicator's Commentary Ot)(Vol. 15B)"	"Hubbard, David A."	221
"Ecclesiastes, Song of Solomon (Communicator's Commentary Ot)(Vol. 15B)"	"Hubbard, David A."	221
"The Communicator's Commentary: Proverbs (Vol. 15A)"	"Hubbard, David A."	221
"The Communicator's Commentary: Judges, Ruth (COMMUNICATOR'S COMMENTARY OT)"	"Jackman, David"	221
"The Communicator's Commentary Numbers (COMMUNICATOR'S COMMENTARY OT)"	"James, Philip"	221
"The Communicator's Commentary: Deuteronomy (COMMUNICATOR'S COMMENTARY OT)"	"Maxwell, John D."	221
"The Communicator's Commentary: Hosea, Joel, Amos, Obadiah, Jonah"	"Ogilvie, Lloyd J."	221
"The Communicator's Commentary: Psalms 1-72 (COMMUNICATOR'S COMMENTARY OT)"	"Ogilvie, Lloyd J."	221
"The Communicator's Commentary: Ezra, Nehemiah, Esther (COMMUNICATOR'S COMMENTARY OT)"	"Roberts, Mark D."	221
"The Communicator's Commentary: Ezra, Nehemiah, Esther (COMMUNICATOR'S COMMENTARY OT)"	"Roberts, Mark D."	221
"Communicator's Commentary: Ezekiel (COMMUNICATOR'S COMMENTARY OT) (Vol. 18)"	"Stuart, Douglas K."	221
"The Communicator's Commentary: Genesis (COMMUNICATOR'S COMMENTARY OT)"	"Briscoe, D. Stuart"	221.7
"Communicators Commentary Joshua (COMMUNICATOR'S COMMENTARY OT)"	"Huffman, John A."	221.7
"The Communicator's Commentary: Psalms 73-150 (The Communicator's Commentary Series. Old Testament, 14)"	"Williams, Donald M."	221.7
"Communicator's Commentary: 1, 2 Kings (COMMUNICATOR'S COMMENTARY OT)"	"Dilday, Russell H."	221.77
"The Communicator's Commentary: Micah-Malachi (COMMUNICATOR'S COMMENTARY OT)"	"Kaiser, Walter"	221.77
"The Communicator's Commentary: Job (COMMUNICATOR'S COMMENTARY OT)"	"McKenna, David I."	221.77
"The Five Books of Moses: A Translation with Commentary"	"Alter, Robert"	222.1077
"Moses : A Life"	"Kirsch, Jonathan"	222.1092
"God Never Gives Up on You: What Jacob's Story Teaches Us About Grace, Mercy, and God's Relentless Love"	"Lucado, Max"	222.1106
"Genesis"	"Moyers, Bill D."	222.1106
"Psalms"	"Botts, Timothy R."	223.20520834
"The Lord Is My Shepherd: Healing Wisdom of the Twenty-third Psalm"	"Kushner, Harold S."	223.206
"Isaiah 40-66 (COMMUNICATOR'S COMMENTARY OT)"	"McKenna, David L."	224.1077
"The Communicator's Commentary: Isaiah 1-39"	"McKenna, David L."	224.1077
"The Communicator's Commentary: Jeremiah, Lamentations (COMMUNICATOR'S COMMENTARY OT)"	"Guest, John"	224.2077
"The Gospel of John, Vol. 2"	"Barclay, William"	225
"The Communicator's Commentary: 1 And 2 Corinthians"	"Chafin, Kenneth"	225
"The Communicator's Commentary: 1, 2 Thessalonians - 1, 2 Timothy, Titus"	"Demarest, Gary"	225
"The Communicator's Commentary: Hebrews"	"Evans, Louis H."	225
"Communicator's Commentary: Daniel"	"Ferguson, Sinclair B."	225
"The Communicator's Commentary: Romans"	"Briscoe, D. Stuart"	225.7
"The Communicator's Commentary : James, 1, 2 Peter, Jude"	"Cedar, Paul A"	225.7
"The New Testament and Wycliffe Bible Commentary: Parallel Edition"	"Monthly, Moody"	225.7
"The Communicators Commentary: Acts"	"Ogilvie, Lloyd J."	225.7
"The Communicator's Commentary Matthew"	"Augsburger, Myron S."	225.77
"The Communicator's Commentary: Galatians, Ephesians, Philippians, Colossians, Philemon (The Communicator's commentary series)"	"Ogilvie, Lloyd J."	225.77
"The Communicator's Commentary: 1, 2, 3 John, Revelation"	"Palmer, Earl F."	225.77
"The Communicator's Commentary: 1, 2, 3 John, Revelation"	"Palmer, Earl F."	225.77
"Pontius Pilate: Deciphering a Memory"	"Schiavone, Aldo"	226.092
"The Gospel of Matthew: Vol. 1, Chapters 1-10 (The Daily Study Bible Series, Revised Edition)"	"Barclay, William"	226.2077
"The Gospel of Matthew: Vol. 2, Chapters 11-28 (The Daily Study Bible Series, Revised Edition)"	"Barclay, William"	226.2077
"The Gospel of Mark (The Daily Study Bible Series)"	"Barclay, William"	226.3
"The Communicator's Commentary: Mark"	"McKenna, David L."	226.3
"The Gospel of Luke"	"Barclay, William"	226.4077
"The Gospel of John, Volume 1 (The Daily Study Bible Series, Revised Edition)"	"Barclay, William"	226.5077
"The Acts of the Apostles (Revised Edition)"	"Barclay, William"	226.6
"The Letters to the Philippians, Colossians, and Thessalonians (Daily Study Bible (Westminster Paperback))"	"Barclay, William"	227
"The Letter to the Romans (The Daily Study Bible Series)"	"Barclay, William"	227.1077
"Letters to the Corinthians (The Daily Study Bible Series.--Rev. Ed) (English and Hebrew Edition)"	"Barclay, William"	227.2077
"The Letters to Timothy, Titus and Philemon (The Daily Study Bible Series)"	"Barclay, William"	227.8077
"The Letter to the Hebrews (The Daily Study Bible Series) (English and Hebrew Edition)"	"Barclay, William"	227.87
"Letters of John and Jude (The Daily Study Bible Series. -- Rev. Ed) (English and Hebrew Edition)"	"Barclay, William"	227.94
"The Revelation of John, Vol. 1: Chapters 1 to 5 (The Daily Study Bible Series, Revised Edition)"	"Barclay, William"	228.077
"The Revelation of John: Vol. 2 (The Daily Study Bible Series, Revised Edition)"	"Barclay, William"	228.077
"The Power of Praying for Your Adult Children"	"Omartian, Stormie"	228.3
"Amazing Grace: A Vocabulary of Faith"	"Norris, Kathleen"	230.03
"A Testament to Freedom: The Essential Writings of Dietrich Bonhoeffer"	"Bonhoeffer, Dietrich"	230.044
"The Faithful Christian: An Anthology of Billy Graham"	"Griffin, William"	230.044
"Catholicism by george brantl (1962-05-03)"		230.2
"Walk Through The Dark"	"Murphrey, Eva And Cecil Piper And"	231.7
"Reaching for the Invisible God"	"Yancey, Philip"	231.7
"90 Minutes in Heaven: A True Story of Death and Life"	"Piper, Don with Cecil Murphey"	231.73092
"The Meaning of Christ"	"Johnson, Robert Clyde"	232
"What Jesus Meant"	"Wills, Garry"	232
"Jesus and Yahweh: The Names Divine"	"Bloom, Harold"	232.906
"The Lost Gospel of Mary: The Mother of Jesus in Three Ancient Texts"	"Mathewes-Green, Frederica"	232.91
"The Real Mary: Why Evangelical Christians Can Embrace the Mother of Jesus"	"McKnight, Scot"	232.91
"Sin Boldly: A Field Guide for Grace"	"Falsani, Cathleen"	234
"Freedom of Simplicity"	"Foster, Richard J"	234.1
"Faith: A Journey for All (Thorndike Press Large Print Core)"	"Carter, Jimmy"	234.23
"The Reason for My Hope: Salvation (Thorndike Press Large Print Inspirational Series)"	"Graham, Billy"	234.25
"Angels in Our Midst"	"Editors, Guideposts"	235.3
"Where I Am: Heaven, Eternity, and Our Life Beyond (Thorndike Press large print inspirational)"	"Graham, Billy"	236.2
"Heaven Is Real: Lessons on Earthly Joy- From the Man Who Spent 90 Minutes in Heaven (Thorndike Press Large Print Inspirational Series)"	"Piper, Don"	236.24
"The Reason for God: Belief in an Age of Skepticism (Wheeler Hardcover)"	"Keller, Timothy"	239
"The Violence Within"	"Tournier, Paul"	241
"One Simple Act: Discovering the Power of Generosity"	"Macomber, Debbie"	241.4
"When God Steps In: Stories of Everyday Grace"	"Bruno, Bonnie"	242
"Bumping into God: 35 Stories of Finding Grace in Unexpected Places"	"Grassi, Dominic"	242
"For Everything a Season: Simple Musings on Living Well"	"Gulley, Philip"	242
"Front Porch Tales"	"Gulley, Philip"	242
"Once Upon a Time: Discovering Our Forever After Story"	"Macomber, Debbie"	242
"Finding God in Unexpected Places"	"Yancey, Philip"	242
"A Diary of Prayer: A Treasury of the World's Most Inspiring Prayers"	"Goudge, Elizabeth"	242.2
"The Irrational Season"		242.3
"Help, Thanks, Wow: The Three Essential Prayers"	"Lamott, Anne"	242.4
"Boundless Love"	"Clairmont, Patsy"	242.643
"Help, Lord! I'm Having a Senior Moment: Notes to God on Growing Older"	"O'Connor, Karen"	242.65
"The Prayer of Jabez: Breaking Through to the Blessed Life"	"Wilkinson, Bruce H."	242.722
"The Methodist Hymnal: Official Hymnal of the Methodist Church"	"Church, Methodist"	245
"The Best Loved Hymns and Prayers of the American People"	"Milligan, Harold Vincent"	245.2
"Walking on Water: Reflections on Faith and Art"	"L'Engle, Madeleine"	246
"Soul Survivor: Why I am Still a Christian"	"Yancey, Philip"	248
"Christian Mystics: The Spiritual Heart of the Christian Tradition"	"King, Ursula"	248.2
"Sister Wendy on Prayer"	"Beckett, Wendy"	248.32
"Journey into Joy"	"DeKruyter, Arthur H."	248.4
"Prodigals And Those Who Love Them"	"Graham, Ruth Bell"	248.4
"Honest to God? : Becoming an Authentic Christian"	"Hybels, Bill"	248.4
"A Closer Walk"	"Marshall, Catherine"	248.4
"Falling Upward: A Spirituality for the Two Halves of Life"	"Rohr, Richard"	248.4
"Life's Not Fair But God is Good"	"Schuller, Robert H."	248.4
"Tough Times Never Last, but Tough People Do"	"Schuller, Robert Harold"	248.4
"The Hole in Our Gospel: What Does God Expect of Us? The Answer That Changed My Life and Might Just Change the World"	"Stearns, Richard"	248.4
"Dawns Early Light"	"Stowell, Joseph"	248.4
"The Purpose Driven Life What on Earth am I Here For?"	"Warren, Rick"	248.4
"It Happened in Church: Stories of Humor from the Pulpit to the Pews (Thorndike Large Print Laugh Lines)"	"Webster, Patti S."	248.4
"Serious Times: Making Your Life Matter in an Urgent Day"	"White, James Emery"	248.4
"In My Own Words"	"Teresa, Mother"	248.482
"Living Faith"	"Carter, Jimmy"	248.4861
"Nearing Home Large Print (Life, Faith, and Finishing Well)"	"Graham, Billy"	248.8
"When Love Isn't Easy"	"Hobe, Phyllis Laura"	248.8
"Settling In: My First Year in a Retirement Community"	"Morgan, Richard L."	248.8
"Before You Go: Making Great Life Decisions (Thorndike African-American)"	"Jakes, T. D."	248.84
"In Every Pew Sits a Broken Heart: Hope for the Hurting"	"Graham, Ruth"	248.86
"When the Bad Times Are over for Good: Transforming Trouble into Triumph"	"Mann, Gerald"	248.86
"Getting Through the Night: Finding Your Way Through Grief"	"Price, Eugenia"	248.86
"Best Sermons 1"	"Cox, James"	252
"The Cloister Walk"	"Norris, Kathleen"	255
"How Now Shall We Live?"	"Colson, Charles W."	261
"The Cross in the Shadow of the Crescent: An Informed Response to Islam’s War with Christianity"	"Lutzer, Erwin W."	261.2
"The Third Jihad: Overcoming Radical Islam’s Plan for the West"	"Youssef, Michael"	261.27
"Evangelical Is Not Enough"	"Howard, Thomas"	264
"The Oxford History of Christian Worship"	"Wainwright, Geoffrey"	264.009
"Lutheran Book of Worship: Pew Edition"	"Augsburg Fortress Publishing"	264.041
"Then Sings My Soul: 150 of the World's Greatest Hymn Stories"	"Morgan, Robert J."	264.23
"Then Sings My Soul: 150 of the World's Greatest Hymn Stories"	"Morgan, Robert J."	264.23
"The Complete Book of Hymns"	"Petersen, William"	264.23
"Bound for Glory: Celebrating the Gift of African American Spirituals through Expressive Calligraphy"	"Botts, Timothy R."	264.2308996073
"Mission Possible: The Wonderful Story of God and a Wycliffe Translator in the Jungles of Papua New Guinea"	"Laszlo, Marilyn"	266.0092
"Debtor Unashamed: The Road to Mission Is a Two Way Street"	"Almquist, L. Arden"	266.22
"Ruth, A Portrait: The Story of Ruth Bell Graham"	"Cornwell, Patricia"	269.2
"Moody"	"Pollock, John Charles"	269.2
"In My Father's House: The Years Before ""The Hiding Place"" 1St edition by Corrie Ten Boom (1976) Hardcover"	"Ten Boom, Corrie"	269.2
"In My Father's House: The Years Before ""The Hiding Place"" 1St edition by Corrie Ten Boom (1976) Hardcover"	"Ten Boom, Corrie"	269.2
"Seeds From the Sower - How God Is Blessing a Couple Who Dare to Take Him At His Word"	"Guido, Michael"	269.2092
"Walking from East to West: God in the Shadows"	"Zacharias, Ravi"	269.2092
"Christianity: The First Three Thousand Years"	"MacCulloch, Diarmaid"	270
"Educated: A Memoir"	"Westover, Tara"	270.092
"God's Bestseller: William Tyndale, Thomas More, and the Writing of the English Bible---A Story of Martyrdom and Betrayal"	"Moynahan, Brian"	270.6
"The Protestant Reformation, 1517-1559"	"Spitz, Lewis William"	270.6
"The God of Stones and Spiders: Letters to a Church in Exile"	"Colson, Charles"	270.829
"On the Road with Francis of Assisi: A Timeless Journey Through Umbria and Tuscany, and Beyond"	"Francke, Linda Bird"	271.302
"A Simple Path"	"Teresa, Mother"	271.97
"Mother Teresa: Come Be My Light - The Private Writings of the Saint of Calcutta"	"Teresa, Mother"	271.97
"Head and Heart: American Christianities"	"Wills, Garry"	277.3
"Sworn on the Alter of God: A Religious Biography of Thomas Jefferson (Library of Religious Biography)"	"Gaustad, Edwin S."	277.3081092
"The God I Love: A Lifetime of Walking with Jesus"	"Tada, Joni Eareckson"	277.30825092
"The Road Unseen"	"Jenkins, Peter"	280.40922
"The Road Unseen (G K Hall Large Print Book Series)"	"Jenkins, Peter"	280.40922
"Pope Francis: Conversations with Jorge Bergoglio: His Life in His Own Words"	"Ambrogetti, Francesca"	282.092
"The Gift of Peace: Personal Reflections"	"Bernardin, Joseph Cardinal"	282.092
"From Preaching to Meddling: A White Minister in the Civil Rights Movement"	"Walter, Francis X."	283.092
"A Family of Faith, 90 years of Covenant History"	"Olsson, Karl A."	284.7
"A Man Called Peter"	"Marshall, Catherine"	285.1092
"Vet in the Vestry"	"Cameron, Alexander"	285.23
"This Incredible Century: A Warm and Witty Biography of the 20th Century from America's Foremost Storyteller"	"Peale, Norman Vincent"	285.7
"Goliath:The Life of Robert Schuller"	"Penner, James"	285.732092
"The Carpenter's Apprentice: The Spiritual Biography of Jimmy Carter"	"Ariail, Dan"	286.1
"Life Sentence"	"Colson, Charles W."	286.1
"Escape"	"Jessop, Carolyn"	289.3092
"The Book of Mormon: Another Testament of Jesus Christ (Official Edition)"	"Smith, Joseph"	289.322
"The evangelical Covenant Church"	"Nyvall, David"	289.9509485
"Handbook of denominations in the United States"	"Mead, Frank Spencer"	291.0973
"Small Miracles for Women: Extraordinary Coincendences of Heart and Spirit"	"Leventhal, Judith; Hal Yitta Halberstam;"	291.2117
"Where Angels Walk"	"Anderson, Joan Wester"	291.215
"Notes on an Unhurried Journey (G K Hall Large Print Book Series)"	"Taylor, John A."	291.4
"Everyday Sacred: A Woman's Journey Home"	"Bender, Sue"	291.4092
"Prayer Is Good Medicine: How to Reap the Healing Benefits of Prayer"	"Dossey, Larry"	291.43
"The Norse Myths (The Pantheon Fairy Tale and Folklore Library)"	"Crossley-Holland, Kevin"	293.13
"Buddhism"	"Gard, Richard Abbott"	294.3
"Freedom in Exile (Transaction Large Print Books)"	"Lama, His Holiness Tenzin Gyatso the Dalai"	294.3923092
"Hinduism (Great Religions of Modern Man)"	"Renou, Louis (Ed. )"	294.5
"Judaism By Arther Hertzburg"	"Hertzberg, Arthur"	296.082
"Have a Little Faith: A True Story"	"Albom, Mitch"	296.7
"How Good Do We Have to Be?: A New Understanding of Guilt and Forgiveness"	"Kushner, Harold S."	296.7
"The Spirit World (American Indians)"	"Woodhead, Henry"	299.7
"Dictionary of Symbolism"	"Biedermann, Hans"	302.23
"The Wounded Spirit"	"Peretti, Frank E."	302.34
"Gorgonzola: A Very Stinkysaurus"	"Palatini, Margie"	303
"Enlightenment Now: The Case for Reason, Science, Humanism, and Progress"	"Pinker, Steven"	303.44
"There Are No Children Here"	"Kotlowitz, Alex"	305.230977311
"What Are You Doing With the Rest of Your Life?: Choices in Midlife"	"Hardin, Paula Payne"	305.244
"The Virtues of Aging (Library of Contemporary Thought)"	"Carter, Jimmy"	305.26
"The Virtues of Aging (Random House Large Print Biography)"	"Carter, Jimmy"	305.26
"Guide to Life After 50, 60, 70 and Beyond for Dummies"	"Press, By the Authors and Editors at Dummies"	305.26
"Aging with Grace: What the Nun Study Teaches Us About Leading Longer, Healthier, and More Meaningful Lives"	"Snowdon, David"	305.26
"Old Friends"	"Kidder, Tracy"	305.260973
"Old Friends"	"Kidder, Tracy"	305.260973
"The Girls from Ames: A Story of Women and a Forty-Year Friendship"	"Zaslow, Jeffrey"	305.40922777546
"The Road from Coorain: Recollections of a Harsh and Beautiful Journey to Adulthood (G K Hall Large Print Book Series)"	"Conway, Jill Ker"	305.40994092
"Inside the Kingdom: My Life in Saudi Arabia"	"Bin Ladin, Carmen"	305.42092
"Elizabeth Cady Stanton: An American Life"	"Ginzberg, Lori D."	305.42092
"It Is Well with My Soul: The Extraordinary Life of a 106-Year-Old Woman"	"Johnson, Ella Mae Cheeks"	305.48
"Breakfast at Sally's: One Homeless Man's Inspirational Journey"	"LeMieux, Richard"	305.5
"Caste (Oprah's Book Club): The Origins of Our Discontents"	"Wilkerson, Isabel"	305.5
"Sojourner Truth: A Life, a Symbol"	"Painter, Nell Irvin"	305.567092
"Acts of Faith: The Story of an American Muslim, in the Struggle for the Soul of a Generation"	"Patel, Eboo"	305.6
"Plain and Simple: A Woman's Journey to the Amish"	"Bender, Sue"	305.687
"Scandinavian Humor and Other Myths"	"Anderson, John Louis"	305.8
"The Good Immigrant: 26 Writers Reflect on America"	"Shukla, Nikesh"	305.80097309
"Sez Who? Sez Me"	"Royko, Mike"	306.0973
"The Lost German Slave Girl: The Extraordinary True Story Of Sally Miller And Her Fight For Freedom in Old New Orleans"	"Bailey, John"	306.362092
"Killing the Legends: The Lethal Danger of Celebrity"	"O'Reilly, Bill"	306.48092
"Late Love: A Celebration of Marriage After Fifty (G K Hall Large Print Book Series)"	"Simpson, Eileen"	306.7
"September Songs: The Good News About Marriage in the Later Years (Thorndike Press Large Print Nonfiction Series)"	"Scarf, Maggie"	306.81
"The Sea Captain's Wife: A True Story of Love, Race, and War in the Nineteenth Century"	"Hodes, Martha"	306.84
"Hands of My Father, a Hearing Boy, His Deaf Parents, and the Language of Love (Large Print Edition)"	"Uhlberg, Myron"	306.874092
"Wisdom of Our Fathers: Lessons and Letters from Daughters and Sons"	"Russert, Tim"	306.8742
"Wisdom of Our Fathers: Lessons and Letters from Daughters and Sons"	"Russert, Tim"	306.8742
"Motherhood: The Second Oldest Profession"	"Bombeck, Erma"	306.8743
"Motherhood: The Second Oldest Profession"	"Bombeck, Erma"	306.8743
"The Mighty Queens of Freeville: A Mother, a Daughter, and the Town That Raised Them (Thorndike Press Large Print Basic Series)"	"Dickinson, Amy"	306.87432092
"The Look-it-up Book of Presidents"	"Blassingame, Wyatt"	320
"The Look-it-up Book of Presidents"	"Blassingame, Wyatt"	320
"My Fall from Grace: City Hall to Prison Walls"	"Laski, James J."	320
"Hot, Flat, and Crowded: Why We Need a Green Revolution--and How It Can Renew America (Thorndike Press Large Print Core Series)"	"Friedman, Thomas L."	320.58
"King: A Life"	"Eig, Jonathan"	323.092
"Suffrage: Women's Long Battle for the Vote"	"DuBois, Ellen Carol"	324.6
"In The Enemy's House (Thorndike Press Large Print Popular and Narrative Nonfiction)"	"Blum, Howard"	327.12
"The Billion Dollar Spy: A True Story of Cold War Espionage and Betrayal (Thorndike Press Large Print Popular and Narrative Nonfiction)"	"Hoffman, David E"	327.12092
"No Higher Honor: A Memoir of My Years in Washington"	"Rice, Condoleezza"	327.730092
"Extraordinary, Ordinary People: A Memoir of Family (Large Print Edition)"	"Rice, Condolezza"	327.730092
"Gabby: A Story of Courage and Hope"	"Giffords, Gabrielle"	328.73
"Speaker: Lessons from Forty Years in Coaching and Politics"	"Hastert, Dennis"	328.73
"Pelosi"	"Ball, Molly"	328.73092
"The Truths We Hold: An American Journey"	"Harris, Kamala"	328.73092
"What Every Senior Should Know"	"FC&A"	332.024
"The Ascent of Money: A Financial History of the World (Thorndike Press Large Print Nonfiction)"	"Ferguson, Niall"	332.09
"Red Notice: A True Story of High Finance, Murder, and One Man's Fight for Justice"	"Browder, Bill"	332.6092
"A River Running West: The Life of John Wesley Powell"	"Worster, Donald"	333.7
"A Passion for Nature: The Life of John Muir"	"Worster, Donald"	333.72092
"Wildflower: An Extraordinary Life and Untimely Death in Africa"	"Seal, Mark"	333.95416092
"The Lexus and the Olive Tree"	"Friedman, Thomas L."	337
"The Tycoons: How Andrew Carnegie, John D. Rockefeller, Jay Gould, and J. P. Morgan Invented the American Supereconomy"	"Morris, Charles R."	338.04092273
"The Tycoons: How Andrew Carnegie, John D. Rockefeller, Jay Gould, and J. P. Morgan Invented the American Supereconomy"	"Morris, Charles R."	338.04092273
"The Fords: An American Epic"	"Collier, Peter"	338.7
"Jack: Straight from the Gut"	"Welch, Jack"	338.762138092
"Andrew Carnegie"	"Nasaw, David"	338.7672092
"Damages: One Family's Legal Struggles in the World of Medicine"	"Werth, Barry"	344.73
"The Innocent Man: Murder and Injustice in a Small Town"	"Grisham, John"	345.76602523
"A Civil Action"	"Harr, Jonathan"	346.7303
"The Death of Common Sense: How Law Is Suffocating America (G K Hall Large Print Book Series)"	"Howard, Philip K."	349.73
"Presidential Wit and Wisdom"	"Gross, Charlotte Lee"	352.23081
"AMERICAN SOLDIER"	"Franks, Tommy"	355.0092
"Killing Patton: The Strange Death of World War II's Most Audacious General (Wheeler Publishing Large Print Hardcover)"	"O'Reilly, Bill"	355.0092
"My American Journey: An Autobiography"	"Powell, Colin L."	355.0092
"Germs : Biological Weapons and America's Secret War"	"Miller, Judith"	358.38
"Rebel With A Cause"	"Graham, Franklin"	361.75092
"Man to Man: Surviving Prostate Cancer"	"Korda, Michael"	362.1
"Last Wish"	"Rollin, Betty"	362.1
"ObamaCare Survival Guide: The Affordable Care Act and What It Means for You and Your Healthcare"	"Tate, Nick J."	362.10973
"Being Mortal: Medicine and What Matters in the End"	"Gawande, Atul"	362.17
"Being Mortal: Medicine and What Matters in the End (Thorndike Press Large Print Basic)"	"Gawande, Atul"	362.17
"A Healing Touch: True Stories of Life, Death, and Hospice (Thorndike Health, Home & Learning)"	"Russo, Richard"	362.17
"The Measure of Our Days: New Beginnings at Life's End"	"MD, Jerome Groopman"	362.175
"Making Rounds with Oscar: The Extraordinary Gift of an Ordinary Cat"	"Dosa, David"	362.1756
"When Your Parent Becomes Your Child: A Journey of Faith Through My Mother's Dementia"	"Abraham, Ken"	362.196
"Slow Dancing with a Stranger: Lost and Found in the Age of Alzheimer's"	"Comer, Meryl"	362.1968
"Born on a Blue Day: Inside the Extraordinary Mind of an Autistic Savant"	"Tammet, Daniel"	362.196858820092
"Ice Bound: A Doctor's Incredible Battle for Survival at the South Pole"	"Nielsen, Jerri"	362.196994490092
"Ice Bound: A Doctor's Incredible Battle for Survival at the South Pole"	"Nielsen, Jerri"	362.196994490092
"Until Tuesday: A Wounded Warrior and the Golden Retriever Who Saved Him (Thorndike Press Large Print Popular and Narrative Nonfiction Series)"	"Carlos, Luis"	362.4092
"Joni: An Unforgettable Story"	"Tada, Joni Eareckson"	362.43092
"A Gift Of Hope (Thorndike Press Large Print Core)"	"Steel, Danielle"	362.50973
"Unplanned Parenthood:: The Confessions of a Seventy-Something Surrogate Mother"	"Carpenter, Liz"	362.7
"Hope Meadows: Real Life Stories of Healing and Caring from an Inspiring Community"	"Smith, Wes"	362.73
"Castaway Kid: One Man's Search for Hope and Home (Focus on the Family Books)"	"Mitchell, R. B."	362.73092
"In a Heartbeat: Sharing the Power of Cheerful Giving"	"Tuohy, Leigh Anne"	362.734092
"Little Princes: One Man's Promise to Bring Home the Lost Children of Nepal"	"Grennan, Conor"	362.76
"The Lost Boy: A Foster Child's Search for the Love of a Family"	"Pelzer, Dave"	362.76092
"The Glass Castle: A Memoir (Scribner Classics)"	"Walls, Jeannette"	362.82092
"The Radium Girls:The Dark Story of America’s Shining Women (Harrowing Historical Nonfiction Bestseller About a Courageous Fight for Justice)"	"Moore, Kate"	363.17
"A Higher Loyalty: Truth, Lies, and Leadership"	"Comey, James"	363.250973092
"Death at the Priory: Sex, Love, and Murder in Victorian England"	"Ruddick, James"	364
"For the Thrill of It: Leopold, Loeb, and the Murder That Shocked Chicago"	"Baatz, Simon"	364.1523092
"Too Late to Say Goodbye: A True Story of Murder and Betrayal"	"Rule, Ann"	364.1523092
"Thunderstruck"	"Larson, Erik"	364.152309421
"Smoke, Mirrors, and Murder (Ann Rule's Crime Files: Wheeler Large Print Book Series)"	"Rule, Ann"	364.15230973
"Blind Eye: How the Medical Establishment Let a Doctor Get Away with Murder"	"Stewart, James B."	364.15230973
"A Death in Belmont"	"Junger, Sebastian"	364.1523097444
"And Never Let Her Go : Thomas Capano: The Deadly Seducer"	"Rule, Ann"	364.152309751
"The Devil in the White City: Murder, Magic, and Madness at the Fair That Changed America"	"Larson, Erik"	364.15230977311
"Bitter Harvest: A Woman's Fury, A Mother's Sacrifice"	"Rule, Ann"	364.152309781675
"Oswald's Tale: An American Mystery"	"Mailer, Norman"	364.1524092
"Birthright: The True Story that Inspired"	"Ekirch, A. Roger"	364.154092
"The End of the Dream: The Golden Boy Who Never Grew Up and Other True Cases (Ann Rule's Crime Files, Volume 5)"	"Rule, Ann"	364.16520973
"Stolen Lives, Twenty Years in a Desert Jail"	"Oufkir, Malika and Michele Fitoussi"	365.45092
"A Schoolteacher in Old Alaska: The Story of Hannah Breece"	"Breece, Hannah"	371.1092
"Stones into Schools: Promoting Peace with Books, Not Bombs, in Afghanistan and Pakistan"	"Mortenson, Greg"	371.8234209581
"Among Schoolchildren by Tracy Kidder (1989-08-03)"		372.11020973
"To Sleep with the Angels: The Story of a Fire"	"Cowan, David"	372.977311
"Tuesdays with Morrie: An Old Man, A Young Man and Life's Greatest Lesson"	"Albom, Mitch"	378.12092
"Macy's: The Store, The Star, The Story"	"Grippo, Robert M."	381.1410973
"Sam Walton: Made in America"	"Walton, Sam"	381.149092
"Nothing Like It in the World: The Men Who Built the Transcontinental Railroad, 1863-1869"	"Ambrose, Stephen E."	385.0973
"Christmas In America: Images Of The Holiday Season By 100 Of America's Leading P"	"Cohen, David (Editor)."	394.2
"The Victorian Christmas book"	"Miall, Antony"	394.2
"Christmas in Plains: Memories"	"Carter, Jimmy"	394.2663
"Christmas in Illinois"	"Ballowe, James"	394.266309773
"Christmas in Scandinavia"	"Ross, Corinne"	394.268
"Larousse Dictionary of World Folklore"	"Jones, Alison"	398.03
"American Folklore, Penguin Dictionary of"	"Axelrod Ph.D., Alan"	398.0973
"Helen of Troy: Goddess, Princess, Whore"	"Hughes, Bettany"	398.352
"The Professor and the Madman: A Tale of Murder, Insanity and the Making of the Oxford English Dictionary"		423.092
"Brewer's Dictionary of Twentieth-Century Phrase and Fable"	"Pickering, David"	423.1
"Woe Is I: The Grammarphobe's Guide to Better English in Plain English"	"O'Conner, Patricia T."	428.2
"Eats, Shoots & Leaves: The Zero Tolerance Approach to Punctuation"	"Truss, Lynne"	428.2
"Swedish English English Swedish Dictionary"	"Petti"	439.7321
"Norwegian-English Dictionary: A Pronouncing and Translating Dictionary of Modern Norwegian (Bokmål and Nynorsk) with a Historical and Grammatical Introduction"	"Haugen, Einar"	439.8
"A Short History of Nearly Everything"	"Bryson, Bill"	500
"Country Year: Living the Questions (G K Hall Large Print Book Series)"	"Hubbell, Sue"	508.7788
"Marie Curie and Her Daughters: The Private Lives of Science's First Family (MacSci)"	"Emling, Shelley"	540.92
"The Disappearing Spoon 1st (first) edition Text Only"	"Author"	546
"Superstorm: Nine Days Inside Hurricane Sandy"	"Miles, Kathryn"	551.55
"Ring of Bright Water (ISIS Large Print Edition)"	"Maxwell, Gavin"	574.941
"The Hidden Life of Trees: What They Feel, How They Communicate-Discoveries from a Secret World: 1 (The Mysteries of Nature, 1)"	"Wohlleben, Peter"	582.16
"Sailing with Noah: Stories from the World of Zoos"	"Bonner, Jeffrey P."	590.73
"Reason for Hope: A Spiritual Journey"	"Goodall, Jane"	590.92
"The Audubon Society: Encyclopedia of Animal Life"	"Buschbaum, et al Ralph"	591
"Zoo in My Luggage"	"Durrell, Gerald"	591.96711
"Zoo in My Luggage"	"Durrell, Gerald"	591.96711
"National Geographic Complete Birds of North America: Companion to the National Geographic Field Guide to the Birds of North America"	"Alderfer, Jonathan"	598.097
"Book of North American Birds"	"Editors of Reader's Digest"	598.297
"Mind of the Raven: Investigations and Adventures with Wolf-Birds"	"Heinrich, Bernd"	598.864
"H Is For Hawk"	"Macdonald, Helen"	598.944
"Wesley the Owl: The Remarkable Love Story of an Owl and His Girl"	"O'Brien, Stacey"	598.97
"Mama's Last Hug: Animal Emotions and What They Tell Us about Ourselves"	"Waal, Frans de"	599.885
"The Fragile Species"	"Thomas, Lewis"	610.1
"Florence Nightingale: The Making of an Icon"	"Bostridge, Mark"	610.73092
"Albert Schweitzer's gift of friendship: A personal portrait of a towering spiritual leader"	"Anderson, Erica"	610.92
"Mountains Beyond Mountains - The Quest Of Dr. Paul Farmer, A Man Who Would Cure The World - Book Club Edition"	"Kidder, Tracy"	610.92
"Bryson City Secrets"	"Larimore, Walt"	610.92
"Six Months in Sudan: A Young Doctor in a War-Torn Village"	"Maskalyk, Dr. James"	610.92
"Medicine Man to the Inuit: A Young Doctors Adventures Among the Eskimos"	"Moody, Joseph P."	610.92
"Ask Sir James"	"Reid, Michael"	610.92
"The Body: A Guide for Occupants"	"Bryson, Bill"	612
"Save Your Brain: The 5 Things You Must Do to Keep Your Mind Young and Sharp"	"Nussbaum, Paul"	612.8
"Foods That Harm, Foods That Heal: An A - Z Guide to Safe and Healthy Eating"	"Editors of Reader's Digest"	613.2
"Super Foods Rx"	"Pratt, Steven"	613.2
"Elizabeth Takes Off"	"Taylor, Elizabeth"	613.2
"The Colony: The Harrowing True Story of the Exiles of Molokai"	"Tayman, John"	614.5460996924
"Something for the Pain, One Doctor's Account of Life and Death in the ER"	"Austin, Paul"	616.02
"The Immortal Life of Henrietta Lacks"	"Skloot, Rebecca"	616.02774092
"The Immortal Life of Henrietta Lacks"	"Skloot, Rebecca"	616.02774092
"At Peace: Choosing a Good Death After a Long Life"	"MD, Samuel Harrington"	616.029
"Against Medical Advice"	"Patterson, James"	616.830092
"The 36-Hour Day, fifth edition, large print: The 36-Hour Day: A Family Guide to Caring for People Who Have Alzheimer Disease, Related Dementias, and Memory Loss (A Johns Hopkins Press Health Book)"	"MA, Nancy L. Mace"	616.831
"A FRIEND LIKE HENRY."		616.858820092
"Scattershot: My Bipolar Family"	"Lovelace, David"	616.895
"Worth Fighting For: Love, Loss, and Moving Forward"	"Niemi, Lisa"	616.99
"Worth Fighting For: Love, Loss, and Moving Forward"	"Niemi, Lisa"	616.99
"Dream New Dreams: Reimagining My Life After Loss"	"Pausch, Jai"	616.994370092
"Surgeon on safari"	"Jorden, Paul J"	617.3
"The Doctors' Plague: Germs, Childbed Fever, and the Strange Story of Ignac Semmelweis (Great Discoveries)"	"Nuland, Sherwin B."	618.740092
"Rickie"	"Flach, MD Frederic"	618.92
"The Fight to Survive: A Young Girl, Diabetes, and the Discovery of Insulin"	"Cox, Caroline"	618.92462
"The Fire of His Genius: Robert Fulton and the American Dream"	"Sale, Kirkpatrick"	620.0092
"The Wizard of Menlo Park: How Thomas Alva Edison Invented the Modern World"	"Stross, Randall E."	621.3092
"The Making of the Atomic Bomb"	"Rhodes, Richard"	623.4511909
"RIGHT STUFF"	"Wolfe, Tom"	629.10973
"The Sound of Wings: The Life of Amelia Earhart"	"Lovell, Mary S."	629.13
"The Wright Brothers (Thorndike Press Large Print Popular and Narrative Nonfiction Series)"	"McCullough, David"	629.130092
"Highest Duty: My Search for What Really Matters"	"Zaslow, Captain Chesley ""Sully"" Sullenberger; Jeffrey"	629.13092
"The Astronaut Wives Club: A True Story"	"Koppel, Lily"	629.450092
"Young Men & Fire/a True Story of the Mann Gulch Fire (G K Hall Large Print Book Series)"	"Maclean, Norman"	634.96180978664
"1001 Hints & Tips for Your Garden : An Indispensable Guide to Easier and More Effective Gardening"	"Editors of Reader's Digest"	635
"Beds I have known : confessions of a passionate amateur gardener"	"Smith, Martha"	635
"Treasury of Gardening"	"Various"	635
"Cultivating Sacred Space: Gardening for the Soul"	"Murray, Elizabeth"	635.01
"Rodale's Garden Answers: Vegetables, Fruits, and Herbs : At-A-Glance Solutions for Every Gardening Problem"	"Bradley, Fern Marshall"	635.0484
"Butteredside Down"	"Addis, Faith"	635.092
"Down to Earth"	"Addis, Faith"	635.092
"Midwest Cottage Gardening"	"Manos, Frances"	635.0977
"Month-by-Month Gardening in Illinois"	"Fizzell, James A"	635.09773
"The Garden Year"	"Bird, Richard"	635.9
"The Woman's Day Book of Annuals & Perennials"	"Hersey, Jean"	635.9
"Camel Lot: The True Story of a Zoo-Illogical Farm (Thorndike Press Large Print Basic Series)"	"Schaffer, Moselle"	636
"James Herriot: The Life of a Country Vet"	"Lord"	636.089
"Every Living Thing (G K Hall Large Print Book Series)"	"Herriot, James"	636.089092
"Every Living Thing (G K Hall Large Print Book Series)"	"Herriot, James"	636.089092
"If Only They Could Talk (G. K. Hall (Large Print))"	"Herriot, James"	636.089092
"It Shouldn't Happen to a Vet (G K Hall Large Print Book Series)"	"Herriot, James"	636.089092
"Let Sleeping Vets Lie (G K Hall Large Print Book Series)"	"Herriot, James"	636.089092
"Never Turn Your Back on an Angus Cow: My Life As a Country Vet"	"Pol, Dr. Jan"	636.089092
"Never Turn Your Back on an Angus Cow: My Life As a Country Vet"	"Pol, Dr. Jan"	636.089092
"James Herriot's Favorite Dog Stories (Thorndike Core)"	"Herriot, James"	636.7
"Love Is the Best Medicine: What Two Dogs Taught One Veterinarian about Hope, Humility, and Everyday Miracles"	"Trout, Dr. Nick"	636.7
"The Leading Lady: Dinah's Story"	"White, Betty"	636.7
"Merle's Door: Lessons from a Freethinking Dog"	"Kerasote, Ted"	636.7092
"Rin Tin Tin: The Life and the Legend (Thorndike Press Large Print Biography Series)"	"Orlean, Susan"	636.737
"A Big Little Life: A Memoir of a Joyful Dog Named Trixie"	"Koontz, Dean"	636.7527
"Marley & Me: Life and Love with the World's Worst Dog"	"Grogan, John"	636.7527092
"James Herriot's Cat Stories"	"Herriot, James"	636.8
"Dewey: The Small-Town Library Cat Who Touched the World"	"Myron, Vicki"	636.80929
"The Honey Bus: A Memoir of Loss, Courage and a Girl Saved by Bees (Thorndike Press Large Print Biograpy and Memoirs)"	"May, Meredith"	638.1092
"I didn't come here to argue"	"Bracken, Peg"	640.2
"Animal, Vegetable, Miracle: A Year of Food Life"	"Kingsolver, Barbara"	641.0973
"Basic Microwaving (Microwave Cooking Library)"	"Methven, Barbara"	641.5
"Hometown Appetites: The Story of Clementine Paddleford, the Forgotten Food Writer Who Chronicled How America Ate"	"Alexander, Kelly"	641.5092
"Julie and Julia: 365 Days, 524 Recipes, 1 Tiny Apartment Kitchen"	"Powell, Julie"	641.5092
"Servant's Hall (A Real Life Upstairs, Downstairs Romance) Large Print"	"Powell, Margaret"	641.5092
"Taste: My Life Through Food"	"Tucci, Stanley"	641.5092
"The Gluten Connection: How Gluten Sensitivity May Be Sabotaging Your Health - And What You Can Do to Take Control NOW"	"Phd, Cns, Facn Shari Lieberman"	641.5638
"The Swedish Table"	"Henderson, Helene"	641.59485
"Retirement Rx: The Retirement Docs' Proven Prescription for Living a Happy, Fulfilling Rest of Your Life (Thorndike Large Print Health, Home and Learning)"	"Fraunfelder, Frederick T."	646.7
"How To Do Just About Everything"	"Rosen, Courtney"	646.7
"The Life-Changing Magic of Tidying Up: The Japanese Art of Decluttering and Organizing"	"Kondo, Marie"	648
"The Life-Changing Magic of Tidying Up: The Japanese Art of Decluttering and Organizing (Thorndike Press Large Print Peer Picks)"	"Kondo, Marie"	648
"Governess: The Lives and Times of the Real Jane Eyres"	"Brandon, Ruth"	649.10942
"32 Ways to Be a Champion in Business"	"Johnson, Earvin Magic"	650.1
"The Woman Who Smashed Codes: A True Story of Love, Spies, and the Unlikely Heroine Who Outwitted America's Enemies"	"Fagone, Jason"	652.8092
"The Woman Who Smashed Codes: A True Story of Love, Spies, and the Unlikely Heroine Who Outwitted America's Enemies"	"Fagone, Jason"	652.8092
"Cheaper by the Dozen (G K Hall Large Print Book Series)"	"Gilbreth, Frank B."	658.540922
"Triumph Over Darkness: The Life of Louis Braille"	"Bickel, Lennard"	686.2
"Leo and His Circle: The Life of Leo Castelli"	"Cohen-Solal, Annie"	709.2
"The Fellowship: The Untold Story of Frank Lloyd Wright and the Taliesin Fellowship"	"Friedland, Roger"	720.92
"Mosque"	"Macaulay, David"	726.2
"An Architecture of Immanence: Architecture for Worship and Ministry Today"	"Torgerson, Mark A."	726.5
"Basilica: The Splendor and the Scandal: Building St. Peter's"	"Scotti, R. A."	726.50945634
"Cathedral: The Story of Its Construction (Sandpiper)"	"Macaulay, David"	726.6
"The Calvin and Hobbes Lazy Sunday Book (Volume 4)"	"Watterson, Bill"	741.5973
"Beatrix Potter's Art: A Selection of Paintings and Drawings"	"Hobbs, Anne Stevenson"	741.942
"Antiques Roadshow Primer: The Introductory Guide to Antiques and Collectibles from the Most-Watched Series on PBS"	"Prisant, Carol"	745.1
"Swedish Christmas Crafts"	"Lundberg, Helene S."	745.594
"Windsongs: Sixty Calligraphic Interpretations of Hymns and Spiritual Songs with Notes by the Artist"	"Botts, Timothy R."	745.61
"Messiah: Calligraphic Word Pictures Inspired by the Music and Text of George Frederick Handel's Messiah, With Notes by the Artist"	"Botts, Timothy R."	745.61977
"The Art of Arranging Flowers: A Complete Guide to Japanese Ikebana"	"Satō, Shōzō"	745.92
"Reader's Digest Knitter's Handbook: A Comprehensive Guide to the Principles and Techniques of Handknitting"	"Stanley, Montse"	746.432
"Knit & Purl: 250 Stitches to Knit (Harmony Guides)"	"Knight, Erika"	746.432041
"The Oriental Rug Primer: Buying and Understanding New Oriental Rugs"	"Jerrehian, Aram K."	746.7
"Norman Rockwell's Models: In and Out of the Studio"	"Haggerty, S. T."	759.13
"Kane County (IL) (Postcard History Series)"	"Edwards, Jim"	769.5
"He Saw a Hummingbird"	"Browning, Norma Lee"	770.92
"The Oxford Dictionary of Music"	"Kennedy, Michael"	780.3
"My Favorite Intermissions: Victor Borge's Lives of the Musical Greats and Other Facts You Never Knew You Were Missing"	"Borge, Victor"	782.0922
"The Metropolitan Opera: Stories of the Great Operas"	"Freeman, John"	782.1
"The Hymnal 1940 With Supplements I and II"	"Episcopal Church, The"	782.27
"Hello Gorgeous (Large Print Edition)"	"Mann, William J."	782.42164
"Angels Along the Way: My Life With Help from Above"	"Reese, Della"	782.42164
"Life Is a Gift: The Zen of Bennett"	"Bennett, Tony"	782.42164092
"The Way It Was: My Life with Frank Sinatra"	"Weisman, Eliot"	782.42164092
"The Hymnal: The General Assembly of the Presbyterian Church in the United States of America 1933"	"Dickinson, Clarence"	783.9
"Maria, My Own Story"	"Trapp, Maria von"	784.092
"Knock Wood (G K Hall Large Print Book Series)"	"Bergen, Candice"	791.43
"Walt Disney: Hollywood's Dark Prince"	"Eliot, Marc"	791.43
"Sidney Poitier: Man, Actor, Icon"	"Goudsouzian, Aram"	791.43
"My Mother's Keeper"	"Hyman, B. D."	791.43
"The Little Girl Who Fought the Great Depression: Shirley Temple and 1930s America (Thorndike Press Large Print Nonfiction)"	"Kasson, John F."	791.43
"SOMEWHERE IN HEAVEN : THE REMARKABLE LOVE STORY OF DANA AND CHRISTOPHER REEVE : LARGEPRINT"	"Anderson, Christopher"	791.4302
"Cary Grant: A Brilliant Disguise"	"Eyman, Scott"	791.4302
"Greenlights"	"McConaughey, Matthew"	791.4302
"Jimmy Stewart: The Truth Behind the Legend"	"Munn, Michael"	791.4302
"Just as I Am: A Memoir"	"Tyson, Cicely"	791.4302
"Kate Remembered"	"Berg, A. Scott"	791.43028092
"Me (Random House Large Print)"	"Hepburn, Katharine"	791.43028092
"The Time of My Life (LARGE PRINT)"	"Niemi, Patrick Swayze and Lisa"	791.43028092
"Finding God in It's A Wonderful Life"	"Asimakoupoulos, Greg"	791.43682
"The Making of the African Queen: Or How I Went to Africa With Bogart, Bacall and Huston and Almost Lost My Mind (G K Hall Large Print Book Series)"	"Hepburn, Katharine"	791.4372
"Rush Limbaugh: An Army of One"	"Chafets, Zev"	791.44
"Rush Limbaugh: An Army of One"	"Chafets, Zev"	791.44
"Dick Van Dyke, Large Print (My Lucky Life In And Out Of Show Business, A Memior)"	"Van Dyke, Dick"	791.45
"The Good Neighbor: The Life and Work of Fred Rogers (Thorndike Press Large Print Biographies and Memoirs)"	"King, Maxwell"	791.4502
"I'm Glad My Mom Died"	"McCurdy, Jennette"	791.4502
"Who Is Alex Trebek?: A Biography"	"Rogak, Lisa"	791.4502
"My Days: Happy and Otherwise"	"Ross, Marion"	791.4502
"The Answer Is . . .: Reflections on My Life"	"Trebek, Alex"	791.4502
"If You Ask Me: (And of Course You Won't)"	"White, Betty"	791.4502
"Love, Lucy (Berkley Boulevard Celebrity Autobiography)"	"Ball, Lucille"	791.45028092
"The Magnolia Story"	"Gaines, Chip"	791.45092
"Angela Lansbury: A Life on Stage and Screen (G K Hall Large Print Book Series)"	"Edelman, Rob"	792.028
"How to Grow Old Disgracefully (Transaction Large Print Books)"	"Gingold, Hermione"	792.028
"Blessings in Disguise (G K Hall Large Print Book Series)"	"Guinness, Alec"	792.028
"This Time Together: Laughter and Reflection"	"Burnett, Carol"	792.7028092
"Gracie: A Love Story"	"Burns, George"	792.70280922
"Culbertson's Hoyle;: The new encyclopedia of games, with official rules"	"Culbertson, Ely"	795.4
"The Bridge Player's Bible: Illustrated Strategies for Staying Ahead of the Game"	"Pottage, Julian"	795.415
"Green Behind the Ears"		796.01
"Sacred Hoops: Spiritual Lessons of a Hardwood Warrior"	"Jackson, Phil"	796.323092
"America's Game: The Epic Story of How Pro Football Captured a Nation"	"MacCambridge, Michael"	796.332
"Where Men Win Glory: The Odyssey of Pat Tillman"	"Krakauer, Jon"	796.332092
"Ted Williams: The Biography of an American Hero"	"Montville, Leigh"	796.357092
"Wrigleyville: A Magical History Tour of the Chicago Cubs"	"Golenbock, Peter"	796.357640977311
"Into Thin Air: A Personal Account of the Mount Everest Disaster"	"Krakauer, Jon"	796.522092
"My Sergei: A Love Story"	"Gordeeva, Ekaterina"	796.91092
"The Boys in the Boat: Nine Americans and Their Epic Quest for Gold at the 1936 Berlin Olympics"	"Brown, Daniel James"	797.12
"No Limits: The Will to Succeed"	"Phelps, Michael"	797.2
"Seabiscuit: An American Legend"	"Hillenbrand, Laura"	798.400929
"The Death of Adam: Essays on Modern Thought"	"Robinson, Marilynne"	808
"An old fashioned Christmas"	"Engle, Paul"	808.8
"Gospel: The Life of Jesus As Told by the World's Greatest Writers"	"Pollock, Constance"	808.8
"Thirty Famous One Act Plays"	"Cerf, Bennett and Van H. Cartmell"	808.82
"Bartlett's Familiar Quotations: A Collection of Passages, Phrases, and Proverbs Traced to Their Sources in Ancient and Modern Literature (17th Edition)"	"Bartlett, John"	808.88
"Oxford Dictionary Of Quotations - Third Edition"		808.88
"Expecting Adam: A True Story of Birth, Rebirth, and Everyday Magic"	"Beck, Martha"	809
"When I Am an Old Woman I Shall Wear Purple (Large Print Edition)"	"Martz, Sandra Haldeman"	810.8
"Favorite Poems Of Emily Dickinson"	"Todd, Mabel Loomis"	811.4
"Poems of Robert Frost"	"Frost, Robert"	811.5
"Robert Frost's Poems"	"Frost, Robert"	811.52
"Always a Reckoning and Other Poems"	"Carter, Jimmy"	811.54
"Dog Years (Large Print Edition) (a Memoir)"	"Doty, Mark"	811.54
"Helen Steiner Rice's Poems of Faith"	"Rice, Helen Steiner"	811.54
"Forever Fifty and Other Negotiations (Thorndike Press Large Print Basic Series)"	"Viorst, Judith"	811.54
"Tales and Poems of Edgar Allan Poe (Collector's Library)"	"Poe, Edgar Allan"	813
"A Fortunate Grandchild and Time Remembered"	"Read, Miss"	813
"Cup Of Comfort"	"Sell, Colleen"	813.0108
"Hawthorne in Concord"	"McFarland, Philip"	813.3
"Louisa May Alcott: The Woman Behind Little Women (John MacRae Books)"	"Reisen, Harriet"	813.4
"Papa: A Personal Memoir"	"Hemingway, Gregory H."	813.5
"Only fifty years ago"	"Carroll, Gladys Hasty"	813.52
"Only fifty years ago"	"Carroll, Gladys Hasty"	813.52
"Education of a Wandering Man (Thorndike Press Large Print Paperback Series)"	"L'Amour, Louis"	813.52
"Roommates: My Grandfather's Story"	"Apple, Max"	813.54
"Long Shadows (Memory Man Series, 7)"	"Baldacci, David"	813.54
"The Dream: A Memoir"	"Bernstein, Harry"	813.54
"The Invisible Wall: A Love Story That Broke Barriers"	"Bernstein, Harry"	813.54
"The Invisible Wall: A Love Story That Broke Barriers"	"Bernstein, Harry"	813.54
"Here If You Need Me: A True Story"	"Braestrup, Kate"	813.54
"Here If You Need Me: A True Story"	"Braestrup, Kate"	813.54
"Jackson"	"Byrd, Max"	813.54
"The Education of Little Tree (A Zia Book)"	"Carter, Forrest"	813.54
"Kitchen Privileges: A Memoir"	"Clark, Mary Higgins"	813.54
"The Donkey's Gift"	"Coffey, Thomas M."	813.54
"The Christmas Box"	"Evans, Richard Paul"	813.54
"I Love You, Miss Huddleston: And Other Inappropriate Longings of My Indiana Childhood"	"Gulley, Philip"	813.54
"The Summer of the Great-Grandmother (Crosswicks Journal, Book 2) The Summer of the Great-Grandmothe"	"L'Engle, Madeleine"	813.54
"Two-Part Invention: The Story of a Marriage (The Crosswicks Journal, Book 4)"	"L'Engle, Madeleine"	813.54
"The Tulip and the Pope: A Nun's Story"	"Larsen, Deborah"	813.54
"The World Is My Home: A Memoir"	"Michener, James A."	813.54
"Scout, Atticus, and Boo: A Celebration of Fifty Years of to Kill a Mockingbird"	"Murphy, Mary McDonagh"	813.54
"A Stranger for Christmas [LARGE PRINT]"	"Pearson, Carol Lynn"	813.54
"Called Out of Darkness: A Spiritual Confession"	"Rice, Anne"	813.54
"Home (Oprah's Book Club): A Novel"	"Robinson, Marilynne"	813.54
"Housekeeping: A Novel"	"Robinson, Marilynne"	813.54
"Lila (Oprah's Book Club): A Novel"	"Robinson, Marilynne"	813.54
"Why To Kill a Mockingbird Matters: What Harper Lee's Book and the Iconic American Film Mean to Us Today"	"Santopietro, Tom"	813.54
"Three Weeks with My Brother"	"Sparks, Nicholas"	813.54
"The Five People You Meet in Heaven"	"Albom, Mitch"	813.6
"Son of God"	"Downey, Roma"	813.6
"The Wedding Dress Sewing Circle: A Novel"	"Ryan, Jennifer"	813.6
"Didn't My Skin Used to Fit?"	"Bolton, Martha"	814.54
"Leaving Home: A Memoir"	"Buchwald, Art"	814.54
"I Feel Bad About My Neck: And Other Thoughts on Being a Woman"	"Ephron, Nora"	814.54
"It Was on Fire When I Lay Down on It"	"Fulghum, Robert"	814.54
"It Was on Fire When I Lay Down on It"	"Fulghum, Robert"	814.54
"What Are We Doing Here?: Essays"	"Robinson, Marilynne"	814.54
"Pieces of My Mind (G K Hall Large Print Book Series)"	"Rooney, Andrew A."	814.54
"Out of My Mind"	"Rooney, Andy"	814.54
"Betty White in Person"	"White, Betty"	814.54
"The Point of It All: A Lifetime of Great Loves and Endeavors"	"Krauthammer, Charles"	814.6
"Laughing Matters: A Celebration of American Humor"	"Shalit, Gene"	817.008
"Will Rogers: Wise and Witty Sayings of a Great American Humorist"	"Rogers, Will"	817.5
"O Lutefisk"	"Stangland, E. C."	817.54
"Hour of gold, hour of lead;: Diaries and letters of Anne Morrow Lindbergh, 1929-1932"	"Lindbergh, Anne (Morrow)"	818.5
"Locked Rooms and Open Doors: Diaries and Letters 1933-1935"	"Lindbergh, Anne Morrow"	818.5
"The Flower and the Nettle: Diaries and Letters 1936-1939"	"Lindbergh, Anne Morrow"	818.5
"War Within and Without: Diaries and Letters of Anne Morrow Lindbergh, 1939-1944"	"Lindbergh, Anne Morrow"	818.5
"Stitch in Time"	"Gould, John"	818.5209
"Stitch in Time"	"Gould, John"	818.5209
"Anne Morrow Lindbergh: A Gift for Life"	"Herrmann, Dorothy"	818.5209
"Stillmeadow Road"	"Taber, Gladys"	818.5209
"The Florist's Daughter"	"Hampl, Patricia"	818.5403
"Drinking the Rain"	"Shulman, Alix Kates"	818.5403
"The Heart of a Woman"	"Angelou, Maya"	818.5409
"An American Childhood (G K Hall Large Print Book Series)"	"Dillard, Annie"	818.5409
"The Annie Dillard Reader"	"Dillard, Annie"	818.5409
"Legacy of a Pack Rat"	"Graham, Ruth Bell"	818.5409
"Look Who's Laughing!"	"Spangler, Ann"	818.60208
"Reading Lolita in Tehran: A Memoir in Books"	"Nafisi, Azar"	820.9
"The New Oxford Book of Christian Verse (Oxford Books of Verse)"	"Davie, Donald"	821.008
"Favorite Poems in Large Print"	"Reiser, Virginia S."	821.008
"Favorite Poems in Large Print"	"Reiser, Virginia S."	821.008
"The Canterbury Tales (original-spelling Middle English edition) (Penguin Classics)"	"Chaucer, Geoffrey"	821.1
"The Complete Works of William Shakespeare (Leather-bound Classics)"	"Shakespeare, William"	822.33
"Cry, Thy Beloved Country"		823
"A Tale of Two Cities"	"Dickens, Charles"	823.8
"King Solomon's Mines (World's Best Reading)"	"Haggard, H. Rider"	823.8
"Yesterday's Weather (Thorndike Press Large Print Basic Series)"	"Enright, Anne"	823.914
"Time Remembered"	"Read, Miss"	823.914
"Thrumpton Hall: A Memoir of Life in My Father's House"	"Seymour, Miranda"	823.914
"Random Acts of Heroic Love"	"Scheinmann, Danny"	823.92
"Boswell's Presumptuous Task: The Making of the Life of Dr. Johnson"	"Sisman, Adam"	828.609
"Flame Trees of Thika: Memories of an African Childhood"	"Huxley, Elspeth"	828.91209
"Somewhere Towards the End (Thorndike Biography)"	"Athill, Diana"	828.91409
"Children of Disobedience: The Love Story of Martin Luther and Katharina of Bora"	"Scheib, Asta"	833.914
"MARKINGS by DAG HAMMARSKJOLD Alfred a Knopf 1964 1981 36th HC"	"Hammarskjöld, Dag"	839.7874
"DAG HAMMARSKJOLD - Markings"	"Leif Sjoberg & W.H. Auden"	839.7874
"Paula"	"Allende, Isabel"	863
"The Discoverers: A History of Man's Search to Know His World and Himself"	"Boorstin, Daniel J."	909
"Heroes of History: A Brief History of Civilization from Ancient Times to the Dawn of the Modern Age"	"Durant, Will"	909
"The Gifts of the Jews (Hinges of History)"	"Cahill, Thomas"	909.04924
"Mysteries of the Middle Ages: The Rise of Feminism, Science, and Art from the Cults of Catholic Europe (Hinges of History)"	"Cahill, Thomas"	909.07
"Sailing the Wine-Dark Sea: Why the Greeks Matter (Hinges of History)"	"Cahill, Thomas"	909.09821
"Witness to a Century: Encounters With the Noted, the Notorious and the Three Sob's (G K Hall Large Print Book Series)"	"Seldes, George"	909.82
"Witness to a Century: Encounters With the Noted, the Notorious and the Three Sob's (G K Hall Large Print Book Series)"	"Seldes, George"	909.82
"River Town: Two Years On The Yangtze"	"Hessler, Peter"	910
"Driving over Lemons: An Optimist in Andalucia"	"Stewart, Chris"	910
"Eat Pray Love: One Woman's Search for Everything Across Italy, India and Indonesia"	"Gilbert, Elizabeth"	910.4
"The Life and Times of the Thunderbolt Kid: A Memoir"	"Bryson, Bill"	910.4092
"Looking for a Ship (Thorndike Press Large Print Basic Series)"	"McPhee, John A."	910.45
"Titanic Survivor"	"Jessop, Violet"	910.91634
"The Terrible Hours: The Man Behind the Greatest Submarine Rescue in History"	"Maas, Peter"	910.916345
"Run The Storm: A Savage Hurricane, a Brave Crew, and the Wreck of the SS El Faro"	"Foy, George Michelsen"	910.916363
"In the Heart of the Sea: The Tragedy of the Whaleship Essex"	"Philbrick, Nathaniel"	910.9164
"The Kon-Tiki Man: Thor Heyerdahl (Transaction Large Print Books)"	"Ralling, Christopher"	910.92
"Sweden: A book of photographs"	"Rodger, Ian"	914.8500222
"The Palace of the Snow Queen: Winter Travels in Lapland"	"Sjoholm, Barbara"	914.897
"From The Ocean To The Sky (U)"	"Hillary, Edmund"	915.4
"Ada Blackjack: A True Story of Survival in the Arctic"	"Niven, Jennifer"	915.7
"Elburn: Forty-Four Miles to Chicago"	"Westlake, Donald G."	917
"Talk About America"	"Cooke, Alistair"	917.3
"The Walk West: A Walk Across America 2"	"Jenkins, Peter"	917.3
"Swedish Place-Names in North America"	"Landelius, Otto Robert"	917.3
"A Life on the Road"	"Kuralt, Charles"	917.30492
"A Walk Across America"	"Jenkins, Peter"	917.304926
"Blind Courage"	"Irwin, Bill"	917.404
"A Walk in the Woods: Rediscovering America on the Appalachian Trail"	"Bryson, Bill"	917.40443
"A Walk in the Woods: Rediscovering America on the Appalachian Trail"	"Bryson, Bill"	917.40443
"My Own Cape Cod"	"Taber, Gladys"	917.44
"Walking the Trail: One Man's Journey Along the Cherokee Trail of Tears (Thorndike Press Large Print Americana Series)"	"Ellis, Jerry"	917.604
"Saga of Lewis and Clark: Into the Unknown West"	"Schmidt, Tom"	917.804
"Saga of Lewis and Clark: Into the Unknown West"	"Schmidt, Tom"	917.804
"Undaunted Courage: Meriwether Lewis, Thomas Jefferson and the Opening of the American West"	"Ambrose, Stephen E."	917.8042
"In a Sunburned Country"	"Bryson, Bill"	919.40465
"An African in Greenland (Ulverscroft large print series)"	"Kpomassie, Tété-Michel"	919.8204
"The Endurance: Shackleton's Legendary Antarctic Expedition"	"Alexander, Caroline"	919.8904
"Catherine of Aragon"	"Mattingly, Garrett"	920
"Mistress of the Elgin Marbles: A Biography of Mary Nisbet, Countess of Elgin"	"Nagel, Susan"	920
"The Sisters of Sinai: How Two Lady Adventurers Discovered the Hidden Gospels"	"Soskice, Janet"	920
"Great Souls: Six Who Changed the Century"	"Aikman, David"	920.009
"Great Souls: Six Who Changed the Century"	"Aikman, David"	920.009
"Longman Dictionary of 20th Century Biography"	"Brigs, Asa"	920.009
"The Greater Journey: Americans in Paris"	"McCullough, David"	920.009213044361
"Comrades: Brothers, Fathers, Heroes, Sons, Pals"	"Ambrose, Stephen E."	920.710973
"Strange Glory: A Life of Dietrich Bonhoeffer"	"Marsh, Charles"	921
"The Search for Ancestors: A Swedish-American Family Saga"	"Barton, H. Arnold"	929.2
"Two Wives Two Lives Table for Eight Please! A World War II Love Story"	"O'Neil, Jerry A."	929.2
"Middling Folk: Three Seas, Three Centuries, One Scots-Irish Family"	"Matthews, Linda H."	929.20973
"Roots by Alex Haley (2015-11-24)"		929.20973
"Noah's Flood: The New Scientific Discoveries About the Event that Changed History"	"Ryan, William"	930.2
"The Murder of King Tut: The Plot to Kill the Child King - A Nonfiction Thriller"	"Patterson, James"	932.014
"Cleopatra: A Life"	"Schiff, Stacy"	932.021092
"Women Heroes of World War I: 16 Remarkable Resisters, Soldiers, Spies, and Medics (Women of Action)"	"Atwood, Kathryn J."	940.3082
"Dead Wake: The Last Crossing of the Lusitania"	"Larson, Erik"	940.4
"In Peril on the Sea: A Personal Remembrance"	"Bell, Robert W."	940.53
"The Choice: Poland, 1939-1945"	"Eber, Irene"	940.53
"The Watchmaker's Daughter: The True Story of World War II Heroine Corrie ten Boom"	"Loftis, Larry"	940.53
"Killing the SS: The Hunt for the Worst War Criminals in History"	"O'Reilly, Bill"	940.53
"The Diary of a Young Girl: The Definitive Edition (G.K. Hall Large Print Perennial Bestseller Collection)"	"Frank, Anne"	940.5318092
"Night"	"Wiesel, Elie"	940.5318092
"The Zookeeper's Wife: A War Story"	"Ackerman, Diane"	940.531835094384
"The Hiding Place"	"Ten Boom, Corrie"	940.53492092
"Once Upon a Town: The Miracle of the North Platte Canteen"	"Greene, Bob"	940.5378282
"The Spy Went Dancing (G K Hall Large Print Book Series)"	"Aline, Countess of Romanones"	940.54
"The Spy Wore Red: My Adventures as as Undercover Agent in World War II"	"Aline, Countess of Romanones"	940.54
"The Pacific"	"Ambrose, Hugh"	940.54
"G.I. Joe & Lillie: Remembering a Life of Love and Loyalty"	"Bonsall, Joseph S."	940.54
"An Album of Memories: Personal Histories from the Greatest Generation"	"Brokaw, Tom"	940.54
"Operatives, Spies, and Saboteurs: The Unknown Story of the Men and Women of World War II's OSS"	"O'Donnell, Patrick K."	940.54
"A Woman of No Importance: The Untold Story of the American Spy Who Helped Win World War II (Large Print)"	"Purnell, Sonia"	940.54
"Flyboys: A True Story of Courage"	"Bradley, James"	940.540509528
"CITIZEN SOLDIERS : The U.S. Army from the Normandy Beaches to the Bulge to the Surrender of Germany -- June 7, 1944-May 7, 1945"	"Ambrose, Stephen E."	940.5421
"The Longest Day (U)"	"Ryan, Cornelius"	940.542142
"The Longest Day (U)"	"Ryan, Cornelius"	940.542142
"Greatest Generation (Large Print)"	"Brokaw, Tom"	940.548173
"The Greatest Generation Speaks: Letters and Reflections"	"Brokaw, Tom"	940.548173
"One Soldier's Story: A Memoir"	"Dole, Bob"	940.548173092
"The Irregulars: Roald Dahl and the British Spy Ring in Wartime Washington"	"Conant, Jennet"	940.5486410973
"Philip: A Portrait of the Duke of Edinburgh"	"Heald, Tim"	941.05
"Georgiana: Duchess of Devonshire"	"Foreman, Amanda"	941.07092
"Clementine: The Life of Mrs. Winston Churchill"	"Purnell, Sonia"	941.08
"Churchill's Trial: Winston Churchill and the Salvation of Free Government"	"Arnn, Larry P."	941.084092
"Safe Passage: The Remarkable True Story of Two Sisters Who Rescued Jews from the Nazis"	"Cook, Ida"	941.084092
"Majesty: Elizabeth II and the House of Windsor"	"Lacey, Robert"	941.085
"Prince Philip: A Critical Biography"	"Parker, John"	941.085
"The Diana Chronicles"	"Brown, Tina"	941.085092
"Queen of Our Times: The Life of Queen Elizabeth II: Commemorative Edition, 1926-2022"	"Hardman, Robert"	941.085092
"My Story"	"Sarah, the Duchess of York"	941.085092
"Guarding Diana: Protecting the Princess Around the World"	"Wharfe, Inspector Ken"	941.085092
"Spare"	"Prince Harry The Duke of Sussex"	941.086092
"Eleanor of Aquitane and the Four Kings 1951 Edition HARDCOVER"	"Kelly, Amy"	942.031092
"The Troubadour's Song: The Capture and Ransom of Richard the Lionheart"	"Boyle, David"	942.032092
"Mistress of the Monarchy: The Life of Katherine Swynford, Duchess of Lancaster"	"Weir, Alison"	942.038092
"A Medieval Family: The Pastons of Fifteenth-Century England"	"Gies, Frances"	942.04
"Notes from a Small Island"	"Bryson, Bill"	942.082
"I Bought a Mountain"	"Firbank, Thomas"	942.925083092
"An Uncommon Woman: Empress Frederick, Daughter of Queen Victoria, Wife of the Crown Prince of Prussia"	"Pakula, Hannah"	943.084092
"No Ordinary Men: Dietrich Bonhoeffer and Hans von Dohnanyi, Resisters Against Hitler in Church and State (New York Review Books Collections)"	"Stern, Fritz"	943.086092
"The Rose of Martinique: A Life of Napoleon's Josephine"	"Stuart, Andrea"	944.05
"A Piano In The Pyrenees: The Ups and Downs of an Englishman in the French Mountains"	"Hawks, Tony"	944.73084092
"Toujours Provence (Thorndike Press Large Print Basic Series)"	"Mayle, Peter"	944.9
"Under the Tuscan Sun: At Home in Italy"	"Mayes, Frances"	945.5
"Catherine the Great"	"Dixon, Simon"	947.063092
"Catherine the Great"	"Troyat, Henri"	947.063092
"The World of the Vikings"	"Hall, Richard"	948.022
"The Vikings; Life, Myth, and Art"	"Moberg, Liv Kjorsvik Schei; Gunnie"	948.022
"Swedish America, 1914-1932 Studies in Ethnicity with Empahsis on Illinoisand Minnesota Studia Historica Upsaliensia XXXVII"	"Lindmark, Sture"	948.5
"Of Swedish Ways"	"Lorenzen, Lily"	948.5
"Christina, Queen of Sweden: The Restless Life of a European Eccentric"	"Buckley, Veronica"	948.5034092
"Eleni"	"Gage, Nicholas"	949.5
"All the Pain That Money Can Buy: The Life of Christina Onassis (G K Hall Large Print Book Series)"	"Wright, William"	949.507
"Return With Honor"	"O'Grady, Scott"	949.7024
"Go Gently Through Peking (Ulverscroft large print)"	"Fisher-Ruge, Lois"	951.156
"Gandhi, soldier of nonviolence: An introduction"	"Kytle, Calvin"	954.03
"To Live or to Perish Forever: Two Tumultuous Years in Pakistan"	"Schmidle, Nicholas"	954.9105
"Gertrude Bell: Queen of the Desert, Shaper of Nations"	"Howell, Georgina"	956.02092
"Desert Queen: The Extraordinary Life of Gertrude Bell: Adventurer, Adviser to Kings, Ally of Lawrence of Arabia"	"Wallach, Janet"	956.02092
"The Spiders of Allah: Travels of an Unbeliever on the Frontline of Holy War"	"Hider, James"	956.054
"A Reed Shaken by the Wind: A Journey Through the Unexplored Marshlands of Iraq (Transaction Large Print Books)"	"Maxwell, Gavin"	956.75
"Den of Lions: Memoirs of Seven Years [LARGE PRINT]"	"Anderson, Terry A."	956.9204
"The Lemon Tree: An Arab, a Jew, and the Heart of the Middle East"	"Tolan, Sandy"	956.94050922
"Leap of Faith: Memoirs of an Unexpected Life"	"Noor, Queen"	956.95044092
"In the Presence of My Enemies"	"Burnham, Gracia"	959.9048092273
"ALAN MOOREHEAD | The Blue Nile | 1st Edition HC 1962 illustrated"	"Moorehead, Alan"	962
"The Translator: A Tribesman's Memoir of Darfur"	"Hari, Daoud"	962.4043092
"The House at Sugar Beach: In Search of a Lost African Childhood"	"Cooper, Helene"	966.6203
"My Traitor's Heart: A South African Exile Returns to Face His Country, His Tribe, and His Conscience"	"Malan, Rian"	968.00992
"Amerigo: The Man Who Gave His Name to America"	"Fernández-Armesto, Felipe"	970.01
"The Far Traveler: Voyages of a Viking Woman"	"Brown, Nancy Marie"	970.013092
"Not So!: Popular Myths About America's Past From Columbus to Clinton"	"Boller, Paul F."	973
"The 10 Big Lies About America: Combating Destructive Distortions About Our Nation"	"Medved, Michael"	973
"First Dogs: American Presidents and Their Best Friends"	"Rowan, Roy"	973
"Letters from the Promised Land: Swedes in America, 1840-1914"	"Barton, H. Arnold"	973.04
"The Unknown Swedes: A Book About Swedes and America, Past and Present"	"Moberg, Vilhelm"	973.04397
"Swedish-American Landmarks: Where to Go and What to See"	"Winquist, Alan H."	973.04397
"West of Kabul, East of New York: An Afghan American Story"	"Ansary, Tamim"	973.04915930092
"Tessie and Pearlie: A Granddaughter's Story"	"Horowitz, Joy"	973.04924
"Tessie and Pearlie: A Granddaughter's Story"	"Horowitz, Joy"	973.04924
"The Girl from Foreign: A Search for Shipwrecked Ancestors, Forgotten Histories, and a Sense of Home"	"Shepard, Sadia"	973.04924054092
"Ten Thousand Sorrows"	"Kim, Elizabeth"	973.04957
"The Audacity of Hope: Thoughts on Reclaiming the American Dream"	"Obama, Barack"	973.04960730092
"Having Our Say: The Delany Sisters' First 100 Years (Thorndike Core)(Large Print)"	"Delany, Sarah Louise"	973.049607300922
"First Ladies: Presidential Historians on the Lives of 45 Iconic American Women"	"Swain, Susan"	973.09
"First Ladies (Guild America Books)"	"Caroli, Betty Boyd"	973.099
"Affairs of State"	"Troy, Gil"	973.099
"First Ladies"	"Truman, Margaret"	973.099
"The American Presidents (9th Edition)"	"Whitney, David C"	973.099
"Presidential Anecdotes"	"Jr., Paul F. Boller"	973.0992
"Encyclopedia of the American Revolution"	"Boatner, Mark Mayo"	973.3
"Killing England: The Brutal Struggle for American Independence (Bill O'Reilly's Killing)"	"O'Reilly, Bill"	973.3
"Benjamin Franklin"	"Morgan, Edmund S."	973.3092
"Martha Washington: An American Life"	"Brady, Patricia"	973.4
"Patriarch: George Washington and the New American Nation"	"Smith, Richard Norton"	973.4
"Alexander Hamilton"	"Chernow, Ron"	973.4092
"His Excellency: George Washington"	"Ellis, Joseph J."	973.41092
"John Adams"	"McCullough, David"	973.44092
"William Clark and the Shaping of the West"	"Jones, Landon Y."	973.5
"Lincoln: A Life of Purpose and Power"	"Carwardine, Richard"	973.7
"The Insanity File: The Case of Mary Todd Lincoln"	"Jr., Mark E. Neely"	973.7
"The Last Best Hope of Earth: Abraham Lincoln and the Promise of America"	"Jr., Mark E. Neely"	973.7
"And There Was Light: Abraham Lincoln and the American Struggle"	"Meacham, Jon"	973.7
"William Henry Seward: Lincoln's Right Hand"	"Taylor, John M."	973.7
"The Civil War Dictionary"	"Boatner, Mark"	973.703
"Lincoln"	"Donald, David Herbert"	973.7092
"Angels and Ages: A Short Book About Darwin, Lincoln, and Modern Life"	"Gopnik, Adam"	973.7092
"Chasing Lincoln's Killer"	"Swanson, James L."	973.7092
"Lincoln at Gettysburg: The Words That Remade America"	"Wills, Garry"	973.7092
"Bound for Canaan: The Underground Railroad and the War for the Soul of America"	"Bordewich, Fergus"	973.7115
"Destiny Of The Republic (Thorndike Press Large Print Biography)"	"Millard, Candice"	973.8
"BOLD SPIRIT Helga Estby's Forgotten Walk Across Victorian America"	"Hunt, Linda Lawrence"	973.870922
"Times to Remember"	"Kennedy, Rose Fitzgerald"	973.9
"President Is at Camp David"	"Nelson, W. Dale"	973.9
"River Hill Soliloquy (U) (The Story of an Illinois Farm)"	"Mitchell, Clarence"	973.90924
"The Wilderness Warrior: Theodore Roosevelt and the Crusade for America"	"Brinkley, Douglas"	973.911092
"Alice: Alice Roosevelt Longworth, from White House Princess to Washington Power Broker"	"Cordery, Stacy A."	973.911092
"Hoover: An Extraordinary Life in Extraordinary Times"	"Whyte, Kenneth"	973.916092
"Eleanor Roosevelt, An Eager Spirit: Selected Letters of Dorothy Dow, 1933-1945"	"Butturff, Dorothy Dow"	973.917
"Franklin and Eleanor: An Extraordinary Marriage"	"Rowley, Hazel"	973.917092
"No Ordinary Time: Franklin and Eleanor Roosevelt: The Home Front in World War II"	"Goodwin, Doris Kearns"	973.9170922
"Boom!: Voices of the Sixties Personal Reflections on the '60s and Today"	"Brokaw, Tom"	973.92
"Charles Kuralt's America"	"Kuralt, Charles"	973.92
"On the Road With Charles Kuralt"	"Kuralt, Charles"	973.92
"A Sense of Place: Listening to Americans"	"Lamb, David"	973.92
"Pat Nixon: The Untold Story"	"Eisenhower, Julie Nixon"	973.921
"Mrs. Ike: Memories and Reflections on the Life of Mamie Eisenhower"	"Eisenhower, Susan"	973.921
"Ike: An American Hero"	"Korda, Michael"	973.921092
"Killing Kennedy: The End of Camelot (Thorndike Press Large Print Basic Series)"	"O'Reilly, Bill"	973.922092
"The Times of My Life"	"Ford, Betty"	973.925
"Keeping Faith: Memoirs of a President"	"Carter, Jimmy"	973.926
"Sharing Good Times"	"Carter, Jimmy"	973.926
"Turning Point: A Candidate, a State, and a Nation Come of Age"	"Carter, Jimmy"	973.926
"His Very Best: Jimmy Carter, a Life"	"Alter, Jonathan"	973.926092
"A Full Life: Reflections at Ninety (Thorndike Press Large Print Popular and Narrative Nonfiction Series)"	"Carter, Jimmy"	973.926092
"When Character Was King: A Story of Ronald Reagan"	"Noonan, Peggy"	973.927
"Reagan the Man the President"	"smith, hendrick"	973.927
"Enough's Enough: And Other Rules of Life"	"Trillin, Calvin"	973.927
"Time of Our Lives a Conversation About America"		973.927
"Nancy Reagan: The Unauthorized Biography"	"Kelley, Kitty"	973.927092
"What I Saw at the Revolution: A Political Life in the Reagan Era (G K Hall Large Print Book Series)"	"Noonan, Peggy"	973.927092
"What I Saw at the Revolution: A Political Life in the Reagan Era (G K Hall Large Print Book Series)"	"Noonan, Peggy"	973.927092
"Killing Reagan: The Violent Assault That Changed A Presidenc (Wheeler Publishing Large Print Hardcover)"	"O'Reilly, Bill"	973.927092
"I Love You, Ronnie"	"Reagan, Nancy"	973.927092
"The Matriarch: Barbara Bush and the Making of an American Dynasty"	"Page, Susan"	973.928092
"High Crimes and Misdemeanors: The Case Against Bill Clinton"	"Coulter, Ann"	973.929
"On the Make: The Rise of Bill Clinton"	"Oakley, Meredith L."	973.929
"Gore: A Political Life"	"Zelnick, Robert"	973.929
"The Perfect Wife: The Life and Choices of Laura Bush"	"Gerhart, Ann"	973.931
"The Assault on Reason"	"Gore, Al"	973.931
"Decision Points"	"Bush, George W."	973.931092
"Spoken from the Heart"	"Bush, Laura"	973.931092
"A Promised Land"	"Obama, Barack"	973.932092
"Becoming"	"Obama, Michelle"	973.932092
"The Light We Carry: Overcoming in Uncertain Times"	"Obama, Michelle"	973.932092
"The Room Where It Happened: A White House Memoir"	"Bolton, John"	973.933
"The Room Where It Happened: A White House Memoir"	"Bolton, John"	973.933
"Disloyal: A Memoir: The True Story of the Former Personal Attorney to President Donald J. Trump"	"Cohen, Michael"	973.933
"Disloyal: A Memoir: The True Story of the Former Personal Attorney to President Donald J. Trump"	"Cohen, Michael"	973.933
"Trump on the Couch: Inside the Mind of the President"	"Frank, Justin A."	973.933
"Betrayal: The Final Act of the Trump Show"	"Karl"	973.933
"Fear: Trump in the White House"	"Woodward, Bob"	973.933
"Disloyal Opposition: How the NeverTrump Right Tried―And Failed―To Take Down the President"	"Kelly, Julie"	973.933092
"Never Give an Inch: Fighting for the America I Love"	"Pompeo, Mike"	973.933092
"A Very Stable Genius: Donald J. Trump's Testing of America"	"Rucker, Philip"	973.933092
"Rage"	"Woodward, Bob"	973.933092
"The Place He Made"	"Clark, Edie"	974.2
"Angels without Wings: A Courageous Family's Triumph over Tragedy"	"Yarmolinsky, Jane Vonnegut"	974.4
"The Orchard: A Memoir"	"Robertson, Adele Crockett"	974.45
"The Orchard: A Memoir (G K Hall Large Print Book Series)"	"Robertson, Adele Crockett"	974.45
"A Year By The Sea: Thoughts of an Unfinished Woman"	"Anderson, Joan"	974.492043092
"Thunder Dog: The True Story of a Blind Man, His Guide Dog, and the Triumph of Trust at Ground Zero (Thorndike Core)"	"Hingson, Michaely"	974.7
"An Invisible Thread: The True Story of an 11-Year-Old Panhandler, a Busy Sales Executive, and an Unlikely Meeting with Destiny"	"Schroff, Laura"	974.7
"An Invisible Thread: The True Story of an 11-Year-Old Panhandler, a Busy Sales Executive, and an Unlikely Meeting with Destiny (Wheeler Large Print Book Series)"	"Schroff, Laura"	974.7
"'Tis: A Memoir"	"McCourt, Frank"	974.710049162009
"The Color of Water: A Black Man's Tribute to His White Mother"	"McBride, James"	974.710049607301
"The Color of Water: A Black Man's Tribute to His White Mother"	"McBride, James"	974.710049607301
"The Island at the Center of the World"	"Shorto, Russell"	974.7102
"His Promised Land: The Autobiography of John P. Parker, Former Slave and Conductor on the Underground Railroad"	"Parker, John P."	975.004
"The Cherokee Nation and the Trail of Tears: The Penguin Library of American Indian History series"	"Perdue, Theda"	975.004
"The Captured: A True Story of Abduction by Indians on the Texas Frontier"	"Zesch, Scott"	976.4004
"The Girls of Atomic City: The Untold Story of the Women Who Helped Win World War II"	"Kiernan, Denise"	976.8
"Hero Mama: A Daughter Remembers the Father She Lost in Vietnam--and the Mother Who Held Her Family Together"	"Zacharias, Karen Spears"	976.8
"The Pioneers: The Heroic Story of the Settlers Who Brought the American Ideal West (Thorndike Press Large Print Popular and Narrative Nonfiction)"	"McCullough, David"	977
"The Prize Winner of Defiance, Ohio: How My Mother Raised 10 Kids on 25 Words or Less"	"Ryan, Terry"	977.114043092
"Swedish American Life in Chicago: Cultural and Urban Aspects of an Immigrant People, 1850-1930"	"Anderson, Philip J"	977.3
"The Encyclopedia of Chicago"	"Grossman, James R."	977.3
"Historic Batavia, Illinois"	"Gustafson, John A"	977.3
"City of the Century: The Epic of Chicago and the Making of America"	"Miller, Donald L."	977.311
"Chicago Sketches: Urban Tales, Stories, and Legends from Chicago History"	"Sawyers, June Skinner"	977.311
"One More Time: The Best of Mike Royko"	"Royko, Mike"	977.311043
"Batavia (IL) (Images of America)"	"Edwards, Jim"	977.323
"John Gustafson's Historic Batavia"	"Schielke, Jeffery D."	977.323
"Playing with the Enemy: A Baseball Prodigy, a World at War, and a Field of Broken Dreams"	"Moore, Gary W."	977.394092
"Out of This World: A Woman's Life Among the Amish"	"Swander, Mary"	977.7
"Out of This World: A Woman's Life Among the Amish"	"Swander, Mary"	977.7
"Little Heathens: Hard Times and High Spirits on an Iowa Farm During the Great Depression"	"Kalish, Mildred Armstrong"	977.761033092
"Before Lewis and Clark: The Story of the Chouteaus, the French Dynasty That Ruled America's Frontier"	"Christian, Shirley"	977.8
"The Oregon Trail: A New American Journey (Thorndike Press Large Print Popular and Narrative Nonfiction)"	"Buck, Rinker"	978
"Bill O'Reilly's Legends and Lies: The Real West"	"Fisher, David"	978
"Halfbreed: The Remarkable True Story Of George Bent - Caught Between The Worlds Of The Indian And The White Man"	"Halaas, David Fridtjof"	978.004
"The Colonel and Little Missie: Buffalo Bill, Annie Oakley, and the Beginnings of Superstardom in America"	"McMurtry, Larry"	978.02
"With Affection, Marten"	"Hofstrand, Richard K."	978.4
"Zuni and the American Imagination"	"McFeely, Eliza"	978.9
"A Buffalo in the House: The True Story of a Man, an Animal, and the American West"	"Rosen, R. D."	978.9
"The Blue Tattoo: The Life of Olive Oatman (Women in the West)"	"Mifflin, Margot"	979.1
"Desperate Passage: The Donner Party's Perilous Journey West"	"Rarick, Ethan"	979.4
"A Crack in the Edge of the World: America and the Great California Earthquake of 1906"		979.461051
"Funny in Farsi: A Memoir of Growing Up Iranian in America"	"Dumas, Firoozeh"	979.490049155009
"Homestead: Modern Pioneers Pursuing the Edge of Possibility"	"Kirkpatrick, Jane"	979.578
"End of the Spear"	"Saint, Steve"	986.6
"The Girl From Botany Bay"	"Erickson, Carolly"	994.402
"The Last Lecture"	"Pausch, Randy"	"004.092"
"The Last Lecture by Pausch, Randy (2014) Hardcover (Thorndike Press Large Print Nonfiction Series)"	"Pausch, Randy"	"004.092"
"The Road Ahead (Book & CD)"	"Gates, Bill"	"004.67"
"A World of Imponderables: The Answers to Life's Most Mystifying Questions (Imponderables Series)"	"Feldman, David"	"031"
"You Can't Dream Big Enough"	"Samuelson, Orion"	"070.194"
"Cronkite (Large Print Edition)"	"Brinkley, Douglas"	"070.4092"
"The Colonel: The Life and Legend of Robert R. McCormick 1880-1955"	"Smith, Richard Norton"	"070.5"
"Personal History"	"Graham, Katharine"	"070.5092"
"A Lucky Life Interrupted: A Memoir of Hope"	"Brokaw, Tom"	"070.92"
"A Reporter's Life"	"Cronkite, Walter"	"070.92"
"Lords, Ladies and Gentlemen: A Memoir"	"Daniel, Clifton"	"070.92"
"Hold On, Mr. President (Thorndike Press Large Print Americana Series)"	"Donaldson, Sam"	"070.92"
"Hold On, Mr. President (Thorndike Press Large Print Americana Series)"	"Donaldson, Sam"	"070.92"
"The Longest Trip Home: A Memoir"	"Grogan, John"	"070.92"
"A Bold Fresh Piece of Humanity"	"O'Reilly, Bill"	"070.92"
"Mike Wallace: A Life (Thorndike Press Large Print Nonfiction Series)"	"Rader, Peter"	"070.92"
"From This Day Forward"	"Roberts, Cokie"	"070.92"
"Big Russ and Me (Random House Large Print)"	"Russert, Tim"	"070.92"
"Audition: A Memoir"	"Walters, Barbara"	"070.92"
"In an Instant: A Family's Journey of Love and Healing"	"Woodruff, Lee"	"070.92"
"Light from Many Lamps"	"Watson, Lillian Eichler"	"082"
"Light from Many Lamps: A Treasury of Inspiration"	"Watson, Lillian Eichler"	"082"
"Growth through Loss & Change, Volume II: How to Grieve Without Undue Fear"	"Schultz, RN Clarice A."	"155.9 SCH"
"Through It All: Promises, Shattered Dreams and Restoration"	"Viney, Katherine"	"208.18 VIN"
"The New English Bible"		"220.52/06"
"All the People in the Bible: An A-Z Guide to the Saints, Scoundrels, and Other Characters in Scripture"	"Losch, Richard R."	"220.9 LOS"
"The Lord's Prayer"	"Davidson, John A."	"242 D"
"Images in Covenant beginnings"	"Hawkinson, Eric G"	"285 HAW"
"Beyond Church: The Gospel in American Life"		"285 PEA"
"Cruising Through Retirement: A Road Map to Protect You from Wall Street Games, Ruinous Healthcare Costs and a Government Gone Wild!"	"Law, Rick L."	"332.02 LAW"
"Mayo Clinic on Better Hearing and Balance: Strategeis to Restore Hearing Loss And Manage Dizziness and Other Ear Problems"	"(Editor), Wayne Olsen"	"617.8 MAY"
"Overcoming the Darkness: Poems and Artwork"	"Finley, Betts"	"808 FIN"
"A Poet's easel: Images Of Lifetime Captured in Poetry"	"Bush, Sarah M."	"811 BUS"
"A Heap o' Lovin"	"Guest, Edgar A."	"811 G"
"Making a Long Story Short"	"Lindman, Don"	"814 LIN"
"The View from the River: Reflections on faith, family, and the foibles of life."	"Lindman, Don"	"814 LIN"
"Beyond Belief: A Protestant pastor's journey from certainty to faith."	"Lindman, Mr. Don"	"814 LIN"
"Hurry Up and Wait"	"Blake, Edna"	"817 BLA"
"Sweden: A Book of Photographs"		"914.8 S"
"When Africa Beckoned"	"Widman, Harvey and Ruth"	"920 W"
"Memories of Childhood"	"Anderson, Helen Bartelt"	"921 AND"
"A Giving Spirit--The Story of Paul W. Brandel"		"921 BRA"
"George Fabyan: The Tycoon Who Broke Ciphers, Ended Wars, Manipulated Sound, Built a Levitation Machine, and Organized the Modern Research Center"	"Munson, Richard"	"921 FAB"
"Raising Kane: The Fox Chronicles"	"Fox, Ray"	"921 Fox"
"Adventures in Faith: The Life of an Arab Christian from Syria"	"Shadid, Rev. Peter G."	"921 SHA"
"The Vikings; Life, Myth, and Art"	"Moberg, Liv Kjorsvik Schei; Gunnie"	"948.02 ALL"
"History of Sweden"	"Hallendorff, Carl and Adolph Schuck"	"948.5 H"
"Geneva, Illinois: A History of Its Times and Places"		"977 G"
"Batavia places and the people who called them home"	"Robinson, Marilyn"	"977 R"
"The first ladies of Elmhurst: Prominent women of the twentieth century"	"Strand, Ruth"	"977 STR"
"Bishop Hill"	"Isaksson, Olov"	"977.3 I"
"Memories of a Childhood"	"Anderson, Helen Bartelt"	"977A"
"Building on the Foundation"	"W.....son, Charles"	"979 A"
"Title"	"Primary Author"	"Dewey Decimal"
"The inside scoop: Colonial Ice Cream : a look at the first 100 years"	"Anderson, Thomas S"	
"Paths of Life"	"Beckman, Hilda Jeeninga"	
"GENEVA ILLINOIS: A History of its time and places."	"Ehresmann, editor; Edward Dietrich, Photographer, Geneva Public Library District Julia M."	
"Death and real estate a study of the impact of death beliefs on real estate values"	"Kelso, Julia"	
"Bible Large Print: Authorized King James Version New Testament (KJV Bible Large Print): New Testament Bible King James Version | Large Print Bible (Bibles Large Print Book 1)"	"King James Version"	
"Drums Along The Amazon (U)"	"Norwood, V.G.C."	
"Fundance"	"Tk, Van Taylor Aka"	
"Selections from Rolling Stone Magazine's 500 Greatest Songs of All Time - Early Rock to the Late '60s: Easy Guitar TAB for 61 Songs to Play on the Guitar!: ... TAB) (Classic Rock to Modern Rock Book 1)"	"Various"	
"Kane County Wild Plants & Natural Areas"	"Young, Dick"	
"Aging in Grace: The Growth of Covenant Retirement Communities 1886 - 2011"		
"Holy Bible: King James Version : New Testament Sytle # 61"		
"Modern Engelsk Svensk och Svensk Engelsk Ordbok (Prisma)"		
