"Title","Primary Author","ISBN"
"A Lucky Life Interrupted: A Memoir of Hope","Brokaw, Tom","[9781400069699]"
"A Bold Fresh Piece of Humanity","O'Reilly, Bill","[0767928822]"
"The Road Ahead (Book & CD)","Gates, Bill","[0670772895]"
"Who Moved My Cheese","Johnson, Spencer","[0399144463]"
"Living with Loss: One Day at a Time","Kodanaz, Rachel","[9781938486319]"
"Will the Circle Be Unbroken","Terkel, Studs","[1565846923]"
"The Immortal Life of Henrietta Lacks","Skloot, Rebecca","[1400052173]"
"A Bold Fresh Piece of Humanity","O'Reilly, Bill","[0767928822]"
"Who Moved My Cheese","Johnson, Spencer","[0399144463]"
"Living with Loss: One Day at a Time","Kodanaz, Rachel","[9781938486319]"
"Growth Through Loss & Change, Volume I: How to Be with the Dying Without Fear","Bsn, Clarice A. Schultz Rn","[142692707X]"
"Growth through Loss & Change, Volume II: How to Grieve Without Undue Fear","Schultz, RN Clarice A.","[142692853X]"
"The Last Lecture","Pausch, Randy","[9781401323257]"
"Road Less Traveled (Flexibind Edition)","Peck, M. Scott","[9780671673000]"
"The Good Book: Reading the Bible with Mind and Heart","Gomes, Peter J","[0380723239]"
"Why Is This Happening To Me . . . AGAIN?! ...and What You Can Do About It!","Ryce, Michael","[1886562296]"
"Thank You Power: Making the Science of Gratitude Work for You","Norville, Deborah","[078522193X]"
"The Road to Character","Brooks, David","[081299325X]"
"God: A Brief History","Bowker, John","[0789480506]"
"Rediscovering God in America: Reflections on the Role of Faith in Our Nation's History and Future","Gingrich, Newt","[1591454824]"
"The God Gene: How Faith is Hardwired into our Genes","Hamer, Dean H.","[0385500580]"
"The Gift of Years: Growing Older Gracefully","Chittister, Joan","[1933346337]"
"Where God Was Born: A Journey by Land to the Roots of Religion","Feiler, Bruce","[0060574879]"
"Through It All: Promises, Shattered Dreams and Restoration","Viney, Katherine","[1943342059]"
"The New American Bible (Style No. 2403): Student Edition","Confraternity of Christian Doctrine","[0529060892]"
"NRSV Reference Bible with Apocrypha",,"[0310903041]"
"All The Women Of The Bible","Mastro, M. del","[0785818960]"
"NRSV Reference Bible with Apocrypha",,"[0310903041]"
"The New English Bible",,"[0685347133]"
"The Good Book: Reading the Bible with Mind and Heart","Gomes, Peter J","[0380723239]"
"The Communicator's Commentary: Genesis (COMMUNICATOR'S COMMENTARY OT)","Briscoe, D. Stuart","[0849904064]"
"Genesis","Moyers, Bill D.","[0385483457]"
"All the People in the Bible: An A-Z Guide to the Saints, Scoundrels, and Other Characters in Scripture","Losch, Richard R.","[0802824544]"
"The Mysterious Bible Codes","Jeffery, Grant R.","[084991325X]"
"Moses : A Life","Kirsch, Jonathan","[0345412699]"
"Biblical Literacy: The Essential Bible Stories Everyone Needs to Know","Beal, Timothy","[0061718629]"
"The Lord Is My Shepherd: Healing Wisdom of the Twenty-third Psalm","Kushner, Harold S.","[9781400040568]"
"The Sisters of Sinai: How Two Lady Adventurers Discovered the Hidden Gospels","Soskice, Janet","[1400041333]"
"A Testament to Freedom: The Essential Writings of Dietrich Bonhoeffer","Bonhoeffer, Dietrich","[0060608137]"
"Strange Glory: A Life of Dietrich Bonhoeffer","Marsh, Charles","[0307269817]"
"Amazing Grace: A Vocabulary of Faith","Norris, Kathleen","[1573220787]"
"Best Sermons 1","Cox, James","[0060616113]"
"The Meaning of Christ","Johnson, Robert Clyde",
"Communicators Commentary Exodus (COMMUNICATOR'S COMMENTARY OT)","Dunnam, Maxie D.","[0849904072]"
"The Communicator's Commentary: 1, 2, 3 John, Revelation","Palmer, Earl F.","[0849901650]"
"Leviticus (COMMUNICATOR'S COMMENTARY OT)","Demarest, Gary W.","[0849904080]"
"The Communicator's Commentary Numbers (COMMUNICATOR'S COMMENTARY OT)","James, Philip","[0849904099]"
"The Communicator's Commentary: Deuteronomy (COMMUNICATOR'S COMMENTARY OT)","Maxwell, John D.","[0849904102]"
"Communicators Commentary Joshua (COMMUNICATOR'S COMMENTARY OT)","Huffman, John A.","[0849904110]"
"The Communicator's Commentary: Judges, Ruth (COMMUNICATOR'S COMMENTARY OT)","Jackman, David","[0849904129]"
"1, 2 Samuel (COMMUNICATOR'S COMMENTARY OT)","Chafin, Kenneth L.","[0849904137]"
"Communicator's Commentary: 1, 2 Kings (COMMUNICATOR'S COMMENTARY OT)","Dilday, Russell H.","[0849904145]"
"The Communicator's Commentary: 1, 2 Chronicles (COMMUNICATOR'S COMMENTARY OT)","Allen, Leslie C.","[0849904153]"
"The Communicator's Commentary: Ezra, Nehemiah, Esther (COMMUNICATOR'S COMMENTARY OT)","Roberts, Mark D.","[0849904161]"
"The Communicator's Commentary: Ezra, Nehemiah, Esther (COMMUNICATOR'S COMMENTARY OT)","Roberts, Mark D.","[0849904161]"
"The Communicator's Commentary: Job (COMMUNICATOR'S COMMENTARY OT)","McKenna, David I.","[0849904188]"
"The Communicator's Commentary: Psalms 1-72 (COMMUNICATOR'S COMMENTARY OT)","Ogilvie, Lloyd J.","[0849904196]"
"The Communicator's Commentary: Psalms 73-150 (The Communicator's Commentary Series. Old Testament, 14)","Williams, Donald M.","[084990420X]"
"The Communicator's Commentary: Proverbs (Vol. 15A)","Hubbard, David A.","[0849904218]"
"Ecclesiastes, Song of Solomon (Communicator's Commentary Ot)(Vol. 15B)","Hubbard, David A.","[0849907632]"
"Ecclesiastes, Song of Solomon (Communicator's Commentary Ot)(Vol. 15B)","Hubbard, David A.","[0849907632]"
"The Communicator's Commentary: Isaiah 1-39","McKenna, David L.","[0849904226]"
"Isaiah 40-66 (COMMUNICATOR'S COMMENTARY OT)","McKenna, David L.","[0849911397]"
"The Communicator's Commentary: Jeremiah, Lamentations (COMMUNICATOR'S COMMENTARY OT)","Guest, John","[0849904234]"
"Communicator's Commentary: Ezekiel (COMMUNICATOR'S COMMENTARY OT) (Vol. 18)","Stuart, Douglas K.","[0849904242]"
"Communicator's Commentary: Daniel","Ferguson, Sinclair B.","[0849904250]"
"The Communicator's Commentary: Hosea, Joel, Amos, Obadiah, Jonah","Ogilvie, Lloyd J.","[0849904269]"
"The Communicator's Commentary: Micah-Malachi (COMMUNICATOR'S COMMENTARY OT)","Kaiser, Walter","[0849904277]"
"The Communicator's Commentary Matthew","Augsburger, Myron S.","[0849901545]"
"The Communicator's Commentary: Mark","McKenna, David L.","[0849901553]"
"The Communicators Commentary: Acts","Ogilvie, Lloyd J.","[0849901588]"
"The Communicator's Commentary: Romans","Briscoe, D. Stuart","[0849901596]"
"The Communicator's Commentary: 1 And 2 Corinthians","Chafin, Kenneth","[0849903475]"
"The Communicator's Commentary: Galatians, Ephesians, Philippians, Colossians, Philemon (The Communicator's commentary series)","Ogilvie, Lloyd J.","[0849901618]"
"The Communicator's Commentary: 1, 2 Thessalonians - 1, 2 Timothy, Titus","Demarest, Gary","[0849901626]"
"The Communicator's Commentary: Hebrews","Evans, Louis H.","[0849901634]"
"The Communicator's Commentary : James, 1, 2 Peter, Jude","Cedar, Paul A","[0849901642]"
"The Communicator's Commentary: 1, 2, 3 John, Revelation","Palmer, Earl F.","[0849901650]"
"The Message: The Bible in Contemporary Language","Peterson, Eugene H.",
"The New Testament and Wycliffe Bible Commentary: Parallel Edition","Monthly, Moody",
"The Gospel of John, Volume 1 (The Daily Study Bible Series, Revised Edition)","Barclay, William","[0664213049]"
"The Gospel of John, Vol. 2","Barclay, William","[0664241050]"
"The Gospel of Matthew: Vol. 1, Chapters 1-10 (The Daily Study Bible Series, Revised Edition)","Barclay, William","[066424100X]"
"The Gospel of Matthew: Vol. 2, Chapters 11-28 (The Daily Study Bible Series, Revised Edition)","Barclay, William","[0664241018]"
"The Gospel of Luke","Barclay, William","[0664241034]"
"The Gospel of Mark (The Daily Study Bible Series)","Barclay, William","[0664241026]"
"The Acts of the Apostles (Revised Edition)","Barclay, William","[0664241069]"
"The Letter to the Romans (The Daily Study Bible Series)","Barclay, William","[0664241077]"
"The Letters to the Philippians, Colossians, and Thessalonians (Daily Study Bible (Westminster Paperback))","Barclay, William","[0664241107]"
"Letters to the Corinthians (The Daily Study Bible Series.--Rev. Ed) (English and Hebrew Edition)","Barclay, William","[9780664241087]"
"The Letters to Timothy, Titus and Philemon (The Daily Study Bible Series)","Barclay, William","[0664241115]"
"The Letter to the Hebrews (The Daily Study Bible Series) (English and Hebrew Edition)","Barclay, William","[0664241123]"
"Letters of John and Jude (The Daily Study Bible Series. -- Rev. Ed) (English and Hebrew Edition)","Barclay, William","[066424114X]"
"The Revelation of John, Vol. 1: Chapters 1 to 5 (The Daily Study Bible Series, Revised Edition)","Barclay, William","[0664241158]"
"The Revelation of John: Vol. 2 (The Daily Study Bible Series, Revised Edition)","Barclay, William","[0664241166]"
"A World of Imponderables: The Answers to Life's Most Mystifying Questions (Imponderables Series)","Feldman, David","[1578660963]"
"Holy Bible: King James Version: Old Testament Genesis thru II Kings, Vol. 1",,"[0840726929]"
"Holy Bible: King James Version: Old Testament Chronicles thru Malachi, Vol. 2",,"[0840726937]"
"Holy Bible: King James Version : New Testament Sytle # 61",,"[0840701292]"
"Who's Who in the Bible: An Illustrated Biographical Dictionary (Reader's Digest)","Association, Reader's Digest","[0895776189]"
"The Oxford History of Christian Worship","Wainwright, Geoffrey","[0195138864]"
"Dictionary of Symbolism","Biedermann, Hans","[0816025932]"
"American Folklore, Penguin Dictionary of","Axelrod Ph.D., Alan","[0670887528]"
"Larousse Dictionary of World Folklore","Jones, Alison","[0752300121]"
"The Real Mary: Why Evangelical Christians Can Embrace the Mother of Jesus","McKnight, Scot","[1557255237]"
"The Lost Gospel of Mary: The Mother of Jesus in Three Ancient Texts","Mathewes-Green, Frederica","[1557255369]"
"Jesus and Yahweh: The Names Divine","Bloom, Harold","[1573223220]"
"Sin Boldly: A Field Guide for Grace","Falsani, Cathleen",
"Where Angels Walk","Anderson, Joan Wester","[0345383389]"
"Angels in Our Midst","Editors, Guideposts","[0385475365]"
"What Jesus Meant","Wills, Garry","[0739474758]"
"The Faithful Christian: An Anthology of Billy Graham","Griffin, William","[1569776253]"
"One Simple Act: Discovering the Power of Generosity","Macomber, Debbie","[1439108935]"
"Boundless Love","Clairmont, Patsy","[0310236207]"
"The Violence Within","Tournier, Paul","[0060682930]"
"For Everything a Season: Simple Musings on Living Well","Gulley, Philip","[0060006285]"
"Bumping into God: 35 Stories of Finding Grace in Unexpected Places","Grassi, Dominic","[0829410317]"
"A Diary of Prayer: A Treasury of the World's Most Inspiring Prayers","Goudge, Elizabeth",
"The Prayer of Jabez: Breaking Through to the Blessed Life","Wilkinson, Bruce H.","[9781576737330]"
"Help, Lord! I'm Having a Senior Moment: Notes to God on Growing Older","O'Connor, Karen","[1569552797]"
"Help, Thanks, Wow: The Three Essential Prayers","Lamott, Anne","[9781594631290]"
"Front Porch Tales","Gulley, Philip","[0641698461]"
"A Man Called Peter","Marshall, Catherine","[1683701798]"
"Sister Wendy on Prayer","Beckett, Wendy","[030739381X]"
"Light from Many Lamps","Watson, Lillian Eichler","[0685200825]"
"Light from Many Lamps: A Treasury of Inspiration","Watson, Lillian Eichler","[0671652508]"
"The Hymnal 1940 With Supplements I and II","Episcopal Church, The","[0898690005]"
"The Best Loved Hymns and Prayers of the American People","Milligan, Harold Vincent",
"The Methodist Hymnal: Official Hymnal of the Methodist Church","Church, Methodist",
"Lutheran Book of Worship: Pew Edition","Augsburg Fortress Publishing","[080063330X]"
"The Hymnal: The General Assembly of the Presbyterian Church in the United States of America 1933","Dickinson, Clarence",
"Seeds From the Sower - How God Is Blessing a Couple Who Dare to Take Him At His Word","Guido, Michael","[0840775954]"
"Everyday Sacred: A Woman's Journey Home","Bender, Sue","[0062512897]"
"Then Sings My Soul: 150 of the World's Greatest Hymn Stories","Morgan, Robert J.","[0785249397]"
"Then Sings My Soul: 150 of the World's Greatest Hymn Stories","Morgan, Robert J.","[0785249397]"
"The Complete Book of Hymns","Petersen, William","[9781414309330]"
"DAG HAMMARSKJOLD - Markings","Leif Sjoberg & W.H. Auden",
"MARKINGS by DAG HAMMARSKJOLD Alfred a Knopf 1964 1981 36th HC","Hammarskjöld, Dag",
"When Love Isn't Easy","Hobe, Phyllis Laura","[002551900X]"
"The Road Unseen","Jenkins, Peter","[0850759617]"
"Walking on Water: Reflections on Faith and Art","L'Engle, Madeleine","[0877889198]"
"Tough Times Never Last, but Tough People Do","Schuller, Robert Harold","[0840752873]"
"Journey into Joy","DeKruyter, Arthur H.","[0800712196]"
"Christian Mystics: The Spiritual Heart of the Christian Tradition","King, Ursula","[068482423X]"
"Life Sentence","Colson, Charles W.","[0800750594]"
"Christian Mystics: The Spiritual Heart of the Christian Tradition","King, Ursula","[068482423X]"
"The Purpose Driven Life What on Earth am I Here For?","Warren, Rick","[0310205719]"
"Falling Upward: A Spirituality for the Two Halves of Life","Rohr, Richard","[0470907754]"
"Life's Not Fair But God is Good","Schuller, Robert H.","[0840770987]"
"Prodigals And Those Who Love Them","Graham, Ruth Bell","[9781561790425]"
"Freedom of Simplicity","Foster, Richard J","[0060628324]"
"Honest to God? : Becoming an Authentic Christian","Hybels, Bill","[0310521807]"
"A Closer Walk","Marshall, Catherine","[0800790650]"
"The Hole in Our Gospel: What Does God Expect of Us? The Answer That Changed My Life and Might Just Change the World","Stearns, Richard","[0849947006]"
"Serious Times: Making Your Life Matter in an Urgent Day","White, James Emery","[0830832114]"
"In Every Pew Sits a Broken Heart: Hope for the Hurting","Graham, Ruth","[0310264006]"
"When the Bad Times Are over for Good: Transforming Trouble into Triumph","Mann, Gerald","[1561210986]"
"The Tulip and the Pope: A Nun's Story","Larsen, Deborah","[037541360X]"
"Evangelical Is Not Enough","Howard, Thomas","[0840753721]"
"Christianity: The First Three Thousand Years","MacCulloch, Diarmaid","[0670021261]"
"Mission Possible: The Wonderful Story of God and a Wycliffe Translator in the Jungles of Papua New Guinea","Laszlo, Marilyn","[0842338810]"
"Dawns Early Light","Stowell, Joseph","[0802471714]"
"The Cross in the Shadow of the Crescent: An Informed Response to Islam’s War with Christianity","Lutzer, Erwin W.","[0736951326]"
"Surgeon on safari","Jorden, Paul J","[0801521475]"
"Reaching for the Invisible God","Yancey, Philip","[0310235316]"
"Walking from East to West: God in the Shadows","Zacharias, Ravi","[0310259150]"
"God's Bestseller: William Tyndale, Thomas More, and the Writing of the English Bible---A Story of Martyrdom and Betrayal","Moynahan, Brian","[0312314868]"
"Soul Survivor: Why I am Still a Christian","Yancey, Philip","[0385502745]"
"A Simple Path","Teresa, Mother","[0345397452]"
"The God I Love: A Lifetime of Walking with Jesus","Tada, Joni Eareckson","[0310240085]"
"Head and Heart: American Christianities","Wills, Garry","[1594201463]"
"The Gift of Peace: Personal Reflections","Bernardin, Joseph Cardinal","[9780829409550]"
"Handbook of denominations in the United States","Mead, Frank Spencer","[0687165687]"
"Catholicism by george brantl (1962-05-03)",,
"The evangelical Covenant Church","Nyvall, David",
"Images in Covenant beginnings","Hawkinson, Eric G",
"A Family of Faith, 90 years of Covenant History","Olsson, Karl A.",
"Beyond Church: The Gospel in American Life",,"[097472940X]"
"Prayer Is Good Medicine: How to Reap the Healing Benefits of Prayer","Dossey, Larry","[0062514237]"
"The Book of Mormon: Another Testament of Jesus Christ (Official Edition)","Smith, Joseph","[0967686563]"
"The Norse Myths (The Pantheon Fairy Tale and Folklore Library)","Crossley-Holland, Kevin","[0394748468]"
"Buddhism","Gard, Richard Abbott",
"Hinduism (Great Religions of Modern Man)","Renou, Louis (Ed. )",
"Judaism By Arther Hertzburg","Hertzberg, Arthur",
"How Good Do We Have to Be?: A New Understanding of Guilt and Forgiveness","Kushner, Harold S.","[9780316507417]"
"Have a Little Faith: A True Story","Albom, Mitch","[9780786868728]"
"Mother Teresa: Come Be My Light - The Private Writings of the Saint of Calcutta","Teresa, Mother","[0385520379]"
"The Spirit World (American Indians)","Woodhead, Henry","[0809494043]"
"Out of This World: A Woman's Life Among the Amish","Swander, Mary","[9780670858088]"
"Comrades: Brothers, Fathers, Heroes, Sons, Pals","Ambrose, Stephen E.","[0684867184]"
"Enlightenment Now: The Case for Reason, Science, Humanism, and Progress","Pinker, Steven","[0525427570]"
"Old Friends","Kidder, Tracy","[039571088X]"
"O Lutefisk","Stangland, E. C.","[0961327413]"
"Old Friends","Kidder, Tracy","[039571088X]"
"Guide to Life After 50, 60, 70 and Beyond for Dummies","Press, By the Authors and Editors at Dummies","[0764584782]"
"Educated: A Memoir","Westover, Tara","[0099511029]"
"Plain and Simple: A Woman's Journey to the Amish","Bender, Sue","[0062500589]"
"What Are You Doing With the Rest of Your Life?: Choices in Midlife","Hardin, Paula Payne","[0931432898]"
"The Lost German Slave Girl: The Extraordinary True Story Of Sally Miller And Her Fight For Freedom in Old New Orleans","Bailey, John","[0871139219]"
"Aging with Grace: What the Nun Study Teaches Us About Leading Longer, Healthier, and More Meaningful Lives","Snowdon, David","[0553801635]"
"The Girls from Ames: A Story of Women and a Forty-Year Friendship","Zaslow, Jeffrey","[1592404456]"
"Inside the Kingdom: My Life in Saudi Arabia","Bin Ladin, Carmen","[0446577081]"
"Breakfast at Sally's: One Homeless Man's Inspirational Journey","LeMieux, Richard","[1602392935]"
"Caste (Oprah's Book Club): The Origins of Our Discontents","Wilkerson, Isabel","[0593230256]"
"Acts of Faith: The Story of an American Muslim, in the Struggle for the Soul of a Generation","Patel, Eboo","[080700622X]"
"Cry, Thy Beloved Country",,"[0743262174]"
"Wisdom of Our Fathers: Lessons and Letters from Daughters and Sons","Russert, Tim","[9781400064809]"
"Debtor Unashamed: The Road to Mission Is a Two Way Street","Almquist, L. Arden","[0910452768]"
"Cry, Thy Beloved Country",,"[0743262174]"
"Wisdom of Our Fathers: Lessons and Letters from Daughters and Sons","Russert, Tim","[9781400064809]"
"Out of This World: A Woman's Life Among the Amish","Swander, Mary","[9780670858088]"
"Macy's: The Store, The Star, The Story","Grippo, Robert M.","[0757002129]"
"Cruising Through Retirement: A Road Map to Protect You from Wall Street Games, Ruinous Healthcare Costs and a Government Gone Wild!","Law, Rick L.","[1633850560]"
"Cruising Through Retirement: A Road Map to Protect You from Wall Street Games, Ruinous Healthcare Costs and a Government Gone Wild!","Law, Rick L.","[1633850560]"
"What Every Senior Should Know","FC&A","[1935574302]"
"Red Notice: A True Story of High Finance, Murder, and One Man's Fight for Justice","Browder, Bill","[147675571X]"
"The Lexus and the Olive Tree","Friedman, Thomas L.","[0374192030]"
"Damages: One Family's Legal Struggles in the World of Medicine","Werth, Barry","[0684807696]"
"The Innocent Man: Murder and Injustice in a Small Town","Grisham, John","[0385517238]"
"A Civil Action","Harr, Jonathan","[0394563492]"
"The Lost Boy: A Foster Child's Search for the Love of a Family","Pelzer, Dave","[1558745157]"
"Germs : Biological Weapons and America's Secret War","Miller, Judith","[9780684871585]"
"Operatives, Spies, and Saboteurs: The Unknown Story of the Men and Women of World War II's OSS","O'Donnell, Patrick K.","[074323572X]"
"Born on a Blue Day: Inside the Extraordinary Mind of an Autistic Savant","Tammet, Daniel","[1416535071]"
"Expecting Adam: A True Story of Birth, Rebirth, and Everyday Magic","Beck, Martha","[0812929802]"
"The Measure of Our Days: New Beginnings at Life's End","MD, Jerome Groopman","[0670875708]"
"Castaway Kid: One Man's Search for Hope and Home (Focus on the Family Books)","Mitchell, R. B.","[1589974344]"
"ObamaCare Survival Guide: The Affordable Care Act and What It Means for You and Your Healthcare","Tate, Nick J.","[0893348627]"
"Being Mortal: Medicine and What Matters in the End","Gawande, Atul","[9780805095159]"
"Making Rounds with Oscar: The Extraordinary Gift of an Ordinary Cat","Dosa, David","[1401323235]"
"Slow Dancing with a Stranger: Lost and Found in the Age of Alzheimer's","Comer, Meryl","[006213082X]"
"Joni: An Unforgettable Story","Tada, Joni Eareckson","[0310211492]"
"Unplanned Parenthood:: The Confessions of a Seventy-Something Surrogate Mother","Carpenter, Liz","[0679427988]"
"The Wounded Spirit","Peretti, Frank E.","[0849916739]"
"There Are No Children Here","Kotlowitz, Alex","[0385265263]"
"Once Upon a Town: The Miracle of the North Platte Canteen","Greene, Bob","[0060081961]"
"The Glass Castle: A Memoir (Scribner Classics)","Walls, Jeannette","[1439156964]"
"The Radium Girls:The Dark Story of America’s Shining Women (Harrowing Historical Nonfiction Bestseller About a Courageous Fight for Justice)","Moore, Kate","[9781492649359]"
"The God of Stones and Spiders: Letters to a Church in Exile","Colson, Charles","[0891075712]"
"Bitter Harvest: A Woman's Fury, A Mother's Sacrifice","Rule, Ann","[0684810476]"
"The End of the Dream: The Golden Boy Who Never Grew Up and Other True Cases (Ann Rule's Crime Files, Volume 5)","Rule, Ann","[0739401386]"
"And Never Let Her Go : Thomas Capano: The Deadly Seducer","Rule, Ann","[0684810484]"
"Death at the Priory: Sex, Love, and Murder in Victorian England","Ruddick, James","[0871138328]"
"For the Thrill of It: Leopold, Loeb, and the Murder That Shocked Chicago","Baatz, Simon","[9780060781002]"
"Too Late to Say Goodbye: A True Story of Murder and Betrayal","Rule, Ann","[0743238524]"
"Birthright: The True Story that Inspired","Ekirch, A. Roger","[0393066150]"
"The Devil in the White City: Murder, Magic, and Madness at the Fair That Changed America","Larson, Erik","[1617932868]"
"Blind Eye: How the Medical Establishment Let a Doctor Get Away with Murder","Stewart, James B.","[0684854848]"
"A Death in Belmont","Junger, Sebastian","[0393059804]"
"Thunderstruck","Larson, Erik","[9781400080663]"
"Stolen Lives, Twenty Years in a Desert Jail","Oufkir, Malika and Michele Fitoussi","[0786868619]"
"Stones into Schools: Promoting Peace with Books, Not Bombs, in Afghanistan and Pakistan","Mortenson, Greg","[0670021156]"
"Tuesdays with Morrie: An Old Man, A Young Man and Life's Greatest Lesson","Albom, Mitch","[0385484518]"
"Nothing Like It in the World: The Men Who Built the Transcontinental Railroad, 1863-1869","Ambrose, Stephen E.","[0684846098]"
"Talk About America","Cooke, Alistair",
"Eats, Shoots & Leaves: The Zero Tolerance Approach to Punctuation","Truss, Lynne","[9781592400874]"
"The Professor and the Madman: A Tale of Murder, Insanity and the Making of the Oxford English Dictionary",,"[0060175966]"
"Woe Is I: The Grammarphobe's Guide to Better English in Plain English","O'Conner, Patricia T.","[0399141960]"
"Swedish English English Swedish Dictionary","Petti","[087052870X]"
"A Short History of Nearly Everything","Bryson, Bill","[076790818X]"
"The Immortal Life of Henrietta Lacks","Skloot, Rebecca","[1400052173]"
"The Disappearing Spoon 1st (first) edition Text Only","Author","[0316051640]"
"The Hidden Life of Trees: What They Feel, How They Communicate-Discoveries from a Secret World: 1 (The Mysteries of Nature, 1)","Wohlleben, Peter","[1771642483]"
"Sailing with Noah: Stories from the World of Zoos","Bonner, Jeffrey P.","[0826216366]"
"Mind of the Raven: Investigations and Adventures with Wolf-Birds","Heinrich, Bernd","[0060174471]"
"The Fragile Species","Thomas, Lewis","[0684194201]"
"Mountains Beyond Mountains - The Quest Of Dr. Paul Farmer, A Man Who Would Cure The World - Book Club Edition","Kidder, Tracy","[0965491765]"
"Ask Sir James","Reid, Michael","[0670826464]"
"Six Months in Sudan: A Young Doctor in a War-Torn Village","Maskalyk, Dr. James","[0385526512]"
"The Body: A Guide for Occupants","Bryson, Bill","[0385539304]"
"Super Foods Rx","Pratt, Steven","[0887235557]"
"Fundance","Tk, Van Taylor Aka",
"Fundance","Tk, Van Taylor Aka",
"Foods That Harm, Foods That Heal: An A - Z Guide to Safe and Healthy Eating","Editors of Reader's Digest","[0895779129]"
"The Colony: The Harrowing True Story of the Exiles of Molokai","Tayman, John","[074323300X]"
"At Peace: Choosing a Good Death After a Long Life","MD, Samuel Harrington","[1478917415]"
"Something for the Pain, One Doctor's Account of Life and Death in the ER","Austin, Paul","[1607517841]"
"Scattershot: My Bipolar Family","Lovelace, David","[0525950788]"
"Dream New Dreams: Reimagining My Life After Loss","Pausch, Jai","[9780307888501]"
"He Saw a Hummingbird","Browning, Norma Lee","[0873590430]"
"The Leading Lady: Dinah's Story","White, Betty","[1299488056]"
"Overwhelming Odds","O'Leary, Susan","[5182700199]"
"Mayo Clinic on Better Hearing and Balance: Strategeis to Restore Hearing Loss And Manage Dizziness and Other Ear Problems","(Editor), Wayne Olsen",
"Rickie","Flach, MD Frederic","[0449903494]"
"The Doctors' Plague: Germs, Childbed Fever, and the Strange Story of Ignac Semmelweis (Great Discoveries)","Nuland, Sherwin B.","[0393052990]"
"The Fight to Survive: A Young Girl, Diabetes, and the Discovery of Insulin","Cox, Caroline","[1607145510]"
"The Fire of His Genius: Robert Fulton and the American Dream","Sale, Kirkpatrick","[068486715X]"
"The Making of the Atomic Bomb","Rhodes, Richard","[1451677618]"
"The Sound of Wings: The Life of Amelia Earhart","Lovell, Mary S.","[9780312587338]"
"The Astronaut Wives Club: A True Story","Koppel, Lily","[1455503258]"
"Dewey: The Small-Town Library Cat Who Touched the World","Myron, Vicki","[0446407410]"
"Marley & Me: Life and Love with the World's Worst Dog","Grogan, John","[0060817089]"
"Love Is the Best Medicine: What Two Dogs Taught One Veterinarian about Hope, Humility, and Everyday Miracles","Trout, Dr. Nick","[0767931971]"
"First Dogs: American Presidents and Their Best Friends","Rowan, Roy","[1565121430]"
"Merle's Door: Lessons from a Freethinking Dog","Kerasote, Ted","[9780151012701]"
"Animal, Vegetable, Miracle: A Year of Food Life","Kingsolver, Barbara","[0739489488]"
"Hometown Appetites: The Story of Clementine Paddleford, the Forgotten Food Writer Who Chronicled How America Ate","Alexander, Kelly","[1592403891]"
"The Gluten Connection: How Gluten Sensitivity May Be Sabotaging Your Health - And What You Can Do to Take Control NOW","Phd, Cns, Facn Shari Lieberman","[1594863865]"
"Julie and Julia: 365 Days, 524 Recipes, 1 Tiny Apartment Kitchen","Powell, Julie","[031610969X]"
"32 Ways to Be a Champion in Business","Johnson, Earvin Magic","[0609608282]"
"The Life-Changing Magic of Tidying Up: The Japanese Art of Decluttering and Organizing","Kondo, Marie","[1607747308]"
"The Fellowship: The Untold Story of Frank Lloyd Wright and the Taliesin Fellowship","Friedland, Roger","[0060393882]"
"Basilica: The Splendor and the Scandal: Building St. Peter's","Scotti, R. A.","[0670037761]"
"An Architecture of Immanence: Architecture for Worship and Ministry Today","Torgerson, Mark A.","[0802832091]"
"Mosque","Macaulay, David","[0618240349]"
"Cathedral: The Story of Its Construction (Sandpiper)","Macaulay, David","[0395316685]"
"The Calvin and Hobbes Lazy Sunday Book (Volume 4)","Watterson, Bill","[0836218523]"
"Beatrix Potter's Art: A Selection of Paintings and Drawings","Hobbs, Anne Stevenson","[0723235988]"
"Antiques Roadshow Primer: The Introductory Guide to Antiques and Collectibles from the Most-Watched Series on PBS","Prisant, Carol","[076111775X]"
"The Oriental Rug Primer: Buying and Understanding New Oriental Rugs","Jerrehian, Aram K.","[0894717391]"
"Reader's Digest Knitter's Handbook: A Comprehensive Guide to the Principles and Techniques of Handknitting","Stanley, Montse","[0895774674]"
"Knit & Purl: 250 Stitches to Knit (Harmony Guides)","Knight, Erika","[1596680563]"
"The Metropolitan Opera: Stories of the Great Operas","Freeman, John","[0393018881]"
"Finding God in It's A Wonderful Life","Asimakoupoulos, Greg","[1618433059]"
"Culbertson's Hoyle;: The new encyclopedia of games, with official rules","Culbertson, Ely",
"The Bridge Player's Bible: Illustrated Strategies for Staying Ahead of the Game","Pottage, Julian","[0764159003]"
"Wrigleyville: A Magical History Tour of the Chicago Cubs","Golenbock, Peter","[0312140797]"
"Sacred Hoops: Spiritual Lessons of a Hardwood Warrior","Jackson, Phil","[0786862068]"
"America's Game: The Epic Story of How Pro Football Captured a Nation","MacCambridge, Michael","[0375504540]"
"Into Thin Air: A Personal Account of the Mount Everest Disaster","Krakauer, Jon","[0679457526]"
"The Boys in the Boat: Nine Americans and Their Epic Quest for Gold at the 1936 Berlin Olympics","Brown, Daniel James","[067002581X]"
"Seabiscuit: An American Legend","Hillenbrand, Laura","[0375502912]"
"James Herriot's Cat Stories","Herriot, James","[1567315751]"
"How To Do Just About Everything","Rosen, Courtney","[0743211103]"
"Rodale's Garden Answers: Vegetables, Fruits, and Herbs : At-A-Glance Solutions for Every Gardening Problem","Bradley, Fern Marshall","[087596639X]"
"National Geographic Complete Birds of North America: Companion to the National Geographic Field Guide to the Birds of North America","Alderfer, Jonathan","[0792242394]"
"Book of North American Birds","Editors of Reader's Digest","[0895773511]"
"Book of North American Birds","Editors of Reader's Digest","[0895773511]"
"The Audubon Society: Encyclopedia of Animal Life","Buschbaum, et al Ralph","[0517546574]"
"Norwegian-English Dictionary: A Pronouncing and Translating Dictionary of Modern Norwegian (Bokmål and Nynorsk) with a Historical and Grammatical Introduction","Haugen, Einar","[0299038742]"
"Modern Engelsk Svensk och Svensk Engelsk Ordbok (Prisma)",,"[9151815958]"
"Basic Microwaving (Microwave Cooking Library)","Methven, Barbara","[0865735018]"
"The Art of Arranging Flowers: A Complete Guide to Japanese Ikebana","Satō, Shōzō",
"Gospel: The Life of Jesus As Told by the World's Greatest Writers","Pollock, Constance","[0849915449]"
"When Your Parent Becomes Your Child: A Journey of Faith Through My Mother's Dementia","Abraham, Ken",
"Poems of Robert Frost","Frost, Robert",
"Favorite Poems Of Emily Dickinson","Todd, Mabel Loomis","[0517259222]"
"Cup Of Comfort","Sell, Colleen","[158062524X]"
"The Invisible Wall: A Love Story That Broke Barriers","Bernstein, Harry","[0345496108]"
"Beyond Belief: A Protestant pastor's journey from certainty to faith.","Lindman, Mr. Don","[1478399406]"
"Making a Long Story Short","Lindman, Don",
"The View from the River: Reflections on faith, family, and the foibles of life.","Lindman, Don","[1468187767]"
"King Solomon's Mines (World's Best Reading)","Haggard, H. Rider","[0895775530]"
"The Walk West: A Walk Across America 2","Jenkins, Peter","[0688006663]"
"Charles Kuralt's America","Kuralt, Charles","[0399140832]"
"A Walk in the Woods: Rediscovering America on the Appalachian Trail","Bryson, Bill","[0767902513]"
"Saga of Lewis and Clark: Into the Unknown West","Schmidt, Tom","[0789446383]"
"Great Souls: Six Who Changed the Century","Aikman, David","[0849909651]"
"The Look-it-up Book of Presidents","Blassingame, Wyatt","[0679803580]"
"First Ladies (Guild America Books)","Caroli, Betty Boyd","[1568650159]"
"The Tycoons: How Andrew Carnegie, John D. Rockefeller, Jay Gould, and J. P. Morgan Invented the American Supereconomy","Morris, Charles R.","[0805075992]"
"Heroes of History: A Brief History of Civilization from Ancient Times to the Dawn of the Modern Age","Durant, Will","[0743226127]"
"Roots by Alex Haley (2015-11-24)",,
"A Buffalo in the House: The True Story of a Man, an Animal, and the American West","Rosen, R. D.","[1595581650]"
"Affairs of State","Troy, Gil","[0684828200]"
"First Ladies","Truman, Margaret","[0679434399]"
"The American Presidents (9th Edition)","Whitney, David C","[0739416952]"
"Blind Courage","Irwin, Bill","[0941539865]"
"Louisa May Alcott: The Woman Behind Little Women (John MacRae Books)","Reisen, Harriet","[0805082999]"
"John Adams","McCullough, David","[0684813637]"
"The Spy Wore Red: My Adventures as as Undercover Agent in World War II","Aline, Countess of Romanones","[0394556658]"
"Amerigo: The Man Who Gave His Name to America","Fernández-Armesto, Felipe","[1400062810]"
"Gracie: A Love Story","Burns, George","[0399133844]"
"A Year By The Sea: Thoughts of an Unfinished Woman","Anderson, Joan","[0767905938]"
"The Heart of a Woman","Angelou, Maya","[0553380095]"
"West of Kabul, East of New York: An Afghan American Story","Ansary, Tamim","[9780374287573]"
"Desert Queen: The Extraordinary Life of Gertrude Bell: Adventurer, Adviser to Kings, Ally of Lawrence of Arabia","Wallach, Janet","[0385474083]"
"Halfbreed: The Remarkable True Story Of George Bent - Caught Between The Worlds Of The Indian And The White Man","Halaas, David Fridtjof","[0306813203]"
"Love, Lucy (Berkley Boulevard Celebrity Autobiography)","Ball, Lucille",
"The Dream: A Memoir","Bernstein, Harry","[9780345503749]"
"Ada Blackjack: A True Story of Survival in the Arctic","Niven, Jennifer","[0786868635]"
"Boswell's Presumptuous Task: The Making of the Life of Dr. Johnson","Sisman, Adam","[0374115613]"
"Here If You Need Me: A True Story","Braestrup, Kate","[0316066303]"
"Gracie: A Love Story","Burns, George","[0399133844]"
"A Giving Spirit--The Story of Paul W. Brandel",,"[0962606308]"
"Decision Points","Bush, George W.","[0307590615]"
"The Perfect Wife: The Life and Choices of Laura Bush","Gerhart, Ann","[0743243838]"
"Andrew Carnegie","Nasaw, David","[1594201048]"
"The Matriarch: Barbara Bush and the Making of an American Dynasty","Page, Susan","[1538713640]"
"The Education of Little Tree (A Zia Book)","Carter, Forrest","[0826308791]"
"The Carpenter's Apprentice: The Spiritual Biography of Jimmy Carter","Ariail, Dan","[0310200121]"
"His Very Best: Jimmy Carter, a Life","Alter, Jonathan","[1501125486]"
"Living Faith","Carter, Jimmy","[0812927362]"
"Sharing Good Times","Carter, Jimmy","[0743270339]"
"The Virtues of Aging (Library of Contemporary Thought)","Carter, Jimmy","[9780345425928]"
"Keeping Faith: Memoirs of a President","Carter, Jimmy","[1557283303]"
"Catherine the Great","Troyat, Henri","[0880296887]"
"Catherine the Great","Dixon, Simon","[9780060786274]"
"Churchill's Trial: Winston Churchill and the Salvation of Free Government","Arnn, Larry P.","[1595555307]"
"Clementine: The Life of Mrs. Winston Churchill","Purnell, Sonia","[9780525429777]"
"The Place He Made","Clark, Edie","[0679438750]"
"Kitchen Privileges: A Memoir","Clark, Mary Higgins","[0743206053]"
"Cleopatra: A Life","Schiff, Stacy","[0316001929]"
"On the Make: The Rise of Bill Clinton","Oakley, Meredith L.","[0895264935]"
"High Crimes and Misdemeanors: The Case Against Bill Clinton","Coulter, Ann","[0895263602]"
"How Now Shall We Live?","Colson, Charles W.","[0842318089]"
"The House at Sugar Beach: In Search of a Lost African Childhood","Cooper, Helene","[0743266250]"
"Marie Curie and Her Daughters: The Private Lives of Science's First Family (MacSci)","Emling, Shelley","[0230115713]"
"Lords, Ladies and Gentlemen: A Memoir","Daniel, Clifton","[0877955980]"
"My Mother's Keeper","Hyman, B. D.","[068804798X]"
"Walt Disney: Hollywood's Dark Prince","Eliot, Marc","[155972174X]"
"One Soldier's Story: A Memoir","Dole, Bob","[0060763418]"
"Hold On, Mr. President (Thorndike Press Large Print Americana Series)","Donaldson, Sam","[0896218317]"
"The Wizard of Menlo Park: How Thomas Alva Edison Invented the Modern World","Stross, Randall E.","[1400047625]"
"Ike: An American Hero","Korda, Michael","[0060756659]"
"President Is at Camp David","Nelson, W. Dale","[0815603185]"
"Mrs. Ike: Memories and Reflections on the Life of Mamie Eisenhower","Eisenhower, Susan","[0374215146]"
"BOLD SPIRIT Helga Estby's Forgotten Walk Across Victorian America","Hunt, Linda Lawrence","[073945482X]"
"Governess: The Lives and Times of the Real Jane Eyres","Brandon, Ruth","[080271630X]"
"My Story","Sarah, the Duchess of York","[0684835819]"
"George Fabyan: The Tycoon Who Broke Ciphers, Ended Wars, Manipulated Sound, Built a Levitation Machine, and Organized the Modern Research Center","Munson, Richard","[1490345620]"
"The Times of My Life","Ford, Betty","[0060112980]"
"Benjamin Franklin","Morgan, Edmund S.","[0300095325]"
"AMERICAN SOLDIER","Franks, Tommy","[0060731583]"
"Gorgonzola: A Very Stinkysaurus","Palatini, Margie","[0060738979]"
"Eleni","Gage, Nicholas","[0394520939]"
"Presidential Wit and Wisdom","Gross, Charlotte Lee","[1604336099]"
"A Poet's easel: Images Of Lifetime Captured in Poetry","Bush, Sarah M.",
"A Heap o' Lovin","Guest, Edgar A.",
"Helen Steiner Rice's Poems of Faith","Rice, Helen Steiner","[0899520812]"
"Always a Reckoning and Other Poems","Carter, Jimmy","[0812924347]"
"The Five People You Meet in Heaven","Albom, Mitch","[1920798218]"
"It Was on Fire When I Lay Down on It","Fulghum, Robert","[0394580567]"
"Gift From the Sea","Ochiai, Anne Morrow Lindbergh; Keiko","[4651930131]"
"Locked Rooms and Open Doors: Diaries and Letters 1933-1935","Lindbergh, Anne Morrow","[0151529582]"
"Sez Who? Sez Me","Royko, Mike","[9780525241256]"
"Didn't My Skin Used to Fit?","Bolton, Martha","[0764221841]"
"I Feel Bad About My Neck: And Other Thoughts on Being a Woman","Ephron, Nora","[9780307264558]"
"Scandinavian Humor and Other Myths","Anderson, John Louis","[0060972297]"
"Hurry Up and Wait","Blake, Edna","[0966890620]"
"Motherhood: The Second Oldest Profession","Bombeck, Erma","[0070064547]"
"My Favorite Intermissions: Victor Borge's Lives of the Musical Greats and Other Facts You Never Knew You Were Missing","Borge, Victor","[038502651X]"
"I didn't come here to argue","Bracken, Peg",
"Will Rogers: Wise and Witty Sayings of a Great American Humorist","Rogers, Will","[0875290264]"
"Laughing Matters: A Celebration of American Humor","Shalit, Gene","[0385185472]"
"Legacy of a Pack Rat","Graham, Ruth Bell","[0840790856]"
"The Florist's Daughter","Hampl, Patricia","[0151012571]"
"The Annie Dillard Reader","Dillard, Annie","[0060926600]"
"A Tale of Two Cities","Dickens, Charles","[0448058235]"
"Look Who's Laughing!","Spangler, Ann","[031024692X]"
"Reading Lolita in Tehran: A Memoir in Books","Nafisi, Azar","[0812971060]"
"Why To Kill a Mockingbird Matters: What Harper Lee's Book and the Iconic American Film Mean to Us Today","Santopietro, Tom","[1250163757]"
"The New Oxford Book of Christian Verse (Oxford Books of Verse)","Davie, Donald","[0192134264]"
"Thirty Famous One Act Plays","Cerf, Bennett and Van H. Cartmell","[1299143695]"
"The Complete Works of William Shakespeare (Leather-bound Classics)","Shakespeare, William","[9781626860988]"
"Random Acts of Heroic Love","Scheinmann, Danny","[0312538332]"
"Children of Disobedience: The Love Story of Martin Luther and Katharina of Bora","Scheib, Asta","[0824516958]"
"The Discoverers: A History of Man's Search to Know His World and Himself","Boorstin, Daniel J.","[0394726251]"
"The Gifts of the Jews (Hinges of History)","Cahill, Thomas","[0385482485]"
"Sailing the Wine-Dark Sea: Why the Greeks Matter (Hinges of History)","Cahill, Thomas","[0385495536]"
"In the Heart of the Sea: The Tragedy of the Whaleship Essex","Philbrick, Nathaniel","[0670891576]"
"The Life and Times of the Thunderbolt Kid: A Memoir","Bryson, Bill","[9780767919364]"
"The Terrible Hours: The Man Behind the Greatest Submarine Rescue in History","Maas, Peter","[0060194804]"
"On the Road with Francis of Assisi: A Timeless Journey Through Umbria and Tuscany, and Beyond","Francke, Linda Bird","[140006239X]"
"Of Swedish Ways","Lorenzen, Lily","[9780060923846]"
"The Palace of the Snow Queen: Winter Travels in Lapland","Sjoholm, Barbara","[1593761597]"
"River Town: Two Years On The Yangtze","Hessler, Peter","[0060195444]"
"ALAN MOOREHEAD | The Blue Nile | 1st Edition HC 1962 illustrated","Moorehead, Alan",
"A Walk Across America","Jenkins, Peter","[0688034276]"
"In a Sunburned Country","Bryson, Bill","[0767903854]"
"The Canterbury Tales (original-spelling Middle English edition) (Penguin Classics)","Chaucer, Geoffrey","[014042234X]"
"The Oxford Dictionary of Music","Kennedy, Michael","[0198691629]"
"Brewer's Dictionary of Twentieth-Century Phrase and Fable","Pickering, David","[0395616492]"
"Oxford Dictionary Of Quotations - Third Edition",,
"Longman Dictionary of 20th Century Biography","Brigs, Asa","[0582892139]"
"The Encyclopedia of Chicago","Grossman, James R.","[0226310159]"
"Bartlett's Familiar Quotations: A Collection of Passages, Phrases, and Proverbs Traced to Their Sources in Ancient and Modern Literature (17th Edition)","Bartlett, John","[9780316084604]"
"Encyclopedia of the American Revolution","Boatner, Mark Mayo","[0811705781]"
